src,text
script1_g_0044-6001-01-01-KSM-F-05-A.wav,보고 있는 영상 정지시켜 줘.
script1_g_0044-6002-01-01-KSM-F-05-A.wav,다음 주까지 날씨가 어때?
script1_g_0044-6003-01-01-KSM-F-05-A.wav,나 대신 점등해 줘.
script1_g_0044-6004-01-01-KSM-F-05-A.wav,이번 주 대체로 흐린지 궁금해.
script1_g_0044-6005-01-01-KSM-F-05-A.wav,지금 당장 취침 등 꺼 줘.
script1_g_0044-6006-01-01-KSM-F-05-A.wav,이번 주 평균 강수량 체크해 줘.
script1_g_0044-6007-01-01-KSM-F-05-A.wav,이번 주말 날씨 좀 알아 봐 줘.
script1_g_0044-6008-01-01-KSM-F-05-A.wav,지금 날씨는 좀 나아졌는지 알아 봐 줘.
script1_g_0044-6009-01-01-KSM-F-05-A.wav,강남구 오늘 날씨 브리핑.
script1_g_0044-6010-01-01-KSM-F-05-A.wav,어떤 길이 가장 가까워?
script1_g_0044-6011-01-01-KSM-F-05-A.wav,방에 불 좀 키고 싶다.
script1_g_0044-6012-01-01-KSM-F-05-A.wav,금융 뉴스 보여 줄래?
script1_g_0044-6013-01-01-KSM-F-05-A.wav,토스터 예열해 줄 수 있니?
script1_g_0044-6014-01-01-KSM-F-05-A.wav,즐겨찾는 항목으로 이동.
script1_g_0044-6015-01-01-KSM-F-05-A.wav,현재 가까운 도로 원활 한 곳 알려 줘.
script1_g_0044-6016-01-01-KSM-F-05-A.wav,오디오북 취침 모드 있지?
script1_g_0044-6017-01-01-KSM-F-05-A.wav,현재 도로 교통 어떤지 알려 줘.
script1_g_0044-6018-01-01-KSM-F-05-A.wav,이 주변 교통 상황은 어떻게 되니?
script1_g_0044-6019-01-01-KSM-F-05-A.wav,빵 다 구웠으니깐 토스터 오프.
script1_g_0044-6020-01-01-KSM-F-05-A.wav,지금 주가가 어제에 비해 몇 퍼센트 올랐지?
script1_g_0044-6021-01-01-KSM-F-05-A.wav,에어 청정기 켜 줘.
script1_g_0044-6022-01-01-KSM-F-05-A.wav,경부고속도로 소요시간 알려 줘
script1_g_0044-6023-01-01-KSM-F-05-A.wav,내일 태풍 언제쯤 우리나라에 올라와?
script1_g_0044-6024-01-01-KSM-F-05-A.wav,오늘 평균 기온이 얼마쯤 되는지 알고 싶다니깐!
script1_g_0044-6025-01-01-KSM-F-05-A.wav,오늘 태풍 온다는 것 같았는데 맞아?
script1_g_0044-6026-01-01-KSM-F-05-A.wav,내일의 미세먼지 농도는?
script1_g_0044-6027-01-01-KSM-F-05-A.wav,에너지 절약 모드로 셋팅해.
script1_g_0044-6028-01-01-KSM-F-05-A.wav,오늘 일교차가 어느 정도나 된대?
script1_g_0044-6029-01-01-KSM-F-05-A.wav,지름길로 어떻게 가?
script1_g_0044-6030-01-01-KSM-F-05-A.wav,내일 날씨가 뭐야?
script1_g_0044-6031-01-01-KSM-F-05-A.wav,모닝 커피 하게 머신 좀 켜.
script1_g_0044-6032-01-01-KSM-F-05-A.wav,상한가를 기록중인 주가 확인.
script1_g_0044-6033-01-01-KSM-F-05-A.wav,부엌 불 미리 켜 놓고 있어 봐.
script1_g_0044-6034-01-01-KSM-F-05-A.wav,추천 경로 보여 줘.
script1_g_0044-6035-01-01-KSM-F-05-A.wav,학교 가는 길에 사고 확인해 줘.
script1_g_0044-6036-01-01-KSM-F-05-A.wav,오디오북 남은 시간이 어떻게 돼?
script1_g_0044-6037-01-01-KSM-F-05-A.wav,오늘 저녁 기온 몇 도 까지 내려 가?
script1_g_0044-6038-01-01-KSM-F-05-A.wav,커피 끓여 줘.
script1_g_0044-6039-01-01-KSM-F-05-A.wav,영화 보니깐 소등해 줘.
script1_g_0044-6040-01-01-KSM-F-05-A.wav,조회수 높은 주요 뉴스 제목들 읽어 줘.
script1_g_0044-6041-01-01-KSM-F-05-A.wav,공기정화장치 켜 줘.
script1_g_0044-6042-01-01-KSM-F-05-A.wav,에너지 절약 모드 켜 줄래?
script1_g_0044-6043-01-01-KSM-F-05-A.wav,지금 서울시내에 사고 난 곳이 있는지 봐 줄래?
script1_g_0044-6044-01-01-KSM-F-05-A.wav,전방 십 키로 내 교통 상황이 어때?
script1_g_0044-6045-01-01-KSM-F-05-A.wav,블라인드 조절 전부 내리는 걸로 맞춰 줘.
script1_g_0044-6046-01-01-KSM-F-05-A.wav,이번 주말에 최저 기온이 얼마까지 떨어지는지 알려 줘.
script1_g_0044-6047-01-01-KSM-F-05-A.wav,내가 검색했던 종목 주가가 어떻게 돼?
script1_g_0044-6048-01-01-KSM-F-05-A.wav,기아차의 일주일 주가 확인 부탁해.
script1_g_0044-6049-01-01-KSM-F-05-A.wav,천 원을 달러로 바꾸면 얼마야?
script1_g_0044-6050-01-01-KSM-F-05-A.wav,밖에 어때?
script1_g_0044-6051-01-01-KSM-F-05-A.wav,자동 설정으로 공기청정기 틀어 줘.
script1_g_0044-6052-01-01-KSM-F-05-A.wav,다른 목소리로 오디오 북 읽어줄 수 있어?
script1_g_0044-6053-01-01-KSM-F-05-A.wav,만화 보고 싶으니 티브이 켜 줘.
script1_g_0044-6054-01-01-KSM-F-05-A.wav,지금 빵 구워 줄 수 있니?
script1_g_0044-6055-01-01-KSM-F-05-A.wav,티브이 전원 이제 꺼 줘.
script1_g_0044-6056-01-01-KSM-F-05-A.wav,밖에 날씨 좋아 보여?
script1_g_0044-6057-01-01-KSM-F-05-A.wav,너무 깜깜한데 불 좀 켜 주렴.
script1_g_0044-6058-01-01-KSM-F-05-A.wav,주말에 폭염 주의보 내려졌어?
script1_g_0044-6059-01-01-KSM-F-05-A.wav,듣는책 컨텐츠 검색 부탁해.
script1_g_0044-6060-01-01-KSM-F-05-A.wav,최소한의 에너지 절약 모드를 부탁해.
script1_g_0044-6061-01-01-KSM-F-05-A.wav,즐겨찾기 목록에 얘도 더하자.
script1_g_0044-6062-01-01-KSM-F-05-A.wav,경기 시간표 좀 말해 줄래?
script1_g_0044-6063-01-01-KSM-F-05-A.wav,경기가 언제 있더라?
script1_g_0044-6064-01-01-KSM-F-05-A.wav,야구 경기가 몇시에 열리는지 알고 있어?
script1_g_0044-6065-01-01-KSM-F-05-A.wav,커피 머신으로 따뜻하게 커피내려 줘
script1_g_0044-6066-01-01-KSM-F-05-A.wav,토요일 강수량 궁금해.
script1_g_0044-6067-01-01-KSM-F-05-A.wav,오디오북 목소리 더 좋은 것은 없어?
script1_g_0044-6068-01-01-KSM-F-05-A.wav,오늘 예보 알려주면 고마울 것 같아.
script1_g_0044-6069-01-01-KSM-F-05-A.wav,작은방 불 켜 줘.
script1_g_0044-6070-01-01-KSM-F-05-A.wav,보일러 온도 설정 좀 내 귀가 시간에 맞춰놔.
script1_g_0044-6071-01-01-KSM-F-05-A.wav,이제 블라인드 다 올려.
script1_g_0044-6072-01-01-KSM-F-05-A.wav,이 근처 사고 여부 확인해 주실래요?
script1_g_0044-6073-01-01-KSM-F-05-A.wav,토스터 삼십 초 있다가 꺼 줘.
script1_g_0044-6074-01-01-KSM-F-05-A.wav,환율 변동사항 요약해 줘.
script1_g_0044-6075-01-01-KSM-F-05-A.wav,다 들으려면 얼마나 남았는지 알고 싶어.
script1_g_0044-6076-01-01-KSM-F-05-A.wav,노래 일시정지 좀.
script1_g_0044-6077-01-01-KSM-F-05-A.wav,노래 이제 그만 듣고 싶어.
script1_g_0044-6078-01-01-KSM-F-05-A.wav,주요 뉴스 즉각 알려주면 좋겠어.
script1_g_0044-6079-01-01-KSM-F-05-A.wav,작은 방 전등 소등해 줘.
script1_g_0044-6080-01-01-KSM-F-05-A.wav,오늘 카카오 최고가가 얼만지 말해 줘.
script1_g_0044-6081-01-01-KSM-F-05-A.wav,내일은 더 추워진대?
script1_g_0044-6082-01-01-KSM-F-05-A.wav,한 주 날씨 알려 줘.
script1_g_0044-6083-01-01-KSM-F-05-A.wav,주말에 제일 더울 때 기온이 얼마나 올라가?
script1_g_0044-6084-01-01-KSM-F-05-A.wav,오늘 밤에 날씨 어떨 것 같아?
script1_g_0044-6085-01-01-KSM-F-05-A.wav,내일 우산 챙겨야 할 날씨야?
script1_g_0044-6086-01-01-KSM-F-05-A.wav,금일 기후 예보를 알려 줘.
script1_g_0044-6087-01-01-KSM-F-05-A.wav,취침 설정 가능하니?
script1_g_0044-6088-01-01-KSM-F-05-A.wav,텔레비전 켜 달라니까?
script1_g_0044-6089-01-01-KSM-F-05-A.wav,지금 오디오북 속도 한 단계 빠르게 설정 가능해?
script1_g_0044-6090-01-01-KSM-F-05-A.wav,지금 커피 한 잔 먹으면 좋을 것 같아.
script1_g_0044-6091-01-01-KSM-F-05-A.wav,주가 전일비 상승이야?
script1_g_0044-6092-01-01-KSM-F-05-A.wav,등 켜 줘.
script1_g_0044-6093-01-01-KSM-F-05-A.wav,저녁에도 비 오는지 확인해 줘.
script1_g_0044-6094-01-01-KSM-F-05-A.wav,조명 안 꺼진거 다 꺼 줘.
script1_g_0044-6095-01-01-KSM-F-05-A.wav,이번 주에 언제부터 추워지니?
script1_g_0044-6096-01-01-KSM-F-05-A.wav,주요 뉴스 어디서 볼 수 있어?
script1_g_0044-6097-01-01-KSM-F-05-A.wav,커피 메이커 전원 넣어 줘.
script1_g_0044-6098-01-01-KSM-F-05-A.wav,플레이 리스트 목록 재생해.
script1_g_0044-6099-01-01-KSM-F-05-A.wav,귀 아픈데 그만 듣고 싶어.
script1_g_0044-6100-01-01-KSM-F-05-A.wav,내가 못 본 헤드라인 있어?
script1_g_0044-6101-01-01-KSM-F-05-A.wav,이 앞에 사고 여부 확인 부탁해.
script1_g_0044-6102-01-01-KSM-F-05-A.wav,경제 기사 중에 외화 관련된 것들로만 뽑아 봐.
script1_g_0044-6103-01-01-KSM-F-05-A.wav,무드등 턴 오프.
script1_g_0044-6104-01-01-KSM-F-05-A.wav,시가총액 제일 탑 종목이 뭐야?
script1_g_0044-6105-01-01-KSM-F-05-A.wav,에너지 잠깐만 절약시켜 줘.
script1_g_0044-6106-01-01-KSM-F-05-A.wav,오디오북 취침 모드 어떻게 해.
script1_g_0044-6107-01-01-KSM-F-05-A.wav,소요 시간 가장 짧은 루트로 알려 줘.
script1_g_0044-6108-01-01-KSM-F-05-A.wav,현재 주가가 몇 포인트 떨어졌어?
script1_g_0044-6109-01-01-KSM-F-05-A.wav,바깥을 보고 싶은데 블라인드 위로 올려 줘.
script1_g_0044-6110-01-01-KSM-F-05-A.wav,거실 불 한 번 꺼 봐.
script1_g_0044-6111-01-01-KSM-F-05-A.wav,내일 우리 동네 날씨 알려 줘.
script1_g_0044-6112-01-01-KSM-F-05-A.wav,이거 플레이 리스트 이름 뭐야?
script1_g_0044-6113-01-01-KSM-F-05-A.wav,밖에 날씨 확인 부탁해.
script1_g_0044-6114-01-01-KSM-F-05-A.wav,커피 마시면서 하루를 시작하고 싶어.
script1_g_0044-6115-01-01-KSM-F-05-A.wav,주요 뉴스 핵심 주제는 무엇에 관한 것이니?
script1_g_0044-6116-01-01-KSM-F-05-A.wav,나는 주요 뉴스를 요구한다.
script1_g_0044-6117-01-01-KSM-F-05-A.wav,검색어 일위 뭔데?
script1_g_0044-6118-01-01-KSM-F-05-A.wav,지금 있는 위치 부근에 사고 있나 확인해 줘.
script1_g_0044-6119-01-01-KSM-F-05-A.wav,에스프레소 투 샷 내려 줘.
script1_g_0044-6120-01-01-KSM-F-05-A.wav,오디오북 콘텐츠로 이동.
script1_g_0044-6121-01-01-KSM-F-05-A.wav,현재 날씨 말해 줘.
script1_g_0044-6122-01-01-KSM-F-05-A.wav,토스터 뜨거워지면 빵 굽기 시작해.
script1_g_0044-6123-01-01-KSM-F-05-A.wav,오디오북 취침 모드 고정!
script1_g_0044-6124-01-01-KSM-F-05-A.wav,마포대교는 통행이 원활해?
script1_g_0044-6125-01-01-KSM-F-05-A.wav,지금 자야 하니까 취침등 꺼 줘.
script1_g_0044-6126-01-01-KSM-F-05-A.wav,이번 주 일교차 확인해 줘.
script1_g_0044-6127-01-01-KSM-F-05-A.wav,오디오북 콘텐츠를 봅시다.
script1_g_0044-6128-01-01-KSM-F-05-A.wav,소등하도록 해.
script1_g_0044-6129-01-01-KSM-F-05-A.wav,귀가가 늦을거야 등불 다 꺼.
script1_g_0044-6130-01-01-KSM-F-05-A.wav,오늘 외환 시세 조합정보 요청합니다.
script1_g_0044-6131-01-01-KSM-F-05-A.wav,지금 날씨가 어떻지?
script1_g_0044-6132-01-01-KSM-F-05-A.wav,오디오북 취침 모드 시작해 줘.
script1_g_0044-6133-01-01-KSM-F-05-A.wav,이번 주 날씨 상태 어때?
script1_g_0044-6134-01-01-KSM-F-05-A.wav,오디오북 취침 모드가 켜져있니?
script1_g_0044-6135-01-01-KSM-F-05-A.wav,이번 주 전체 일기예보 알려 줘.
script1_g_0044-6136-01-01-KSM-F-05-A.wav,오늘 강수확률 어때?
script1_g_0044-6137-01-01-KSM-F-05-A.wav,블라인드 햇빛 차단해 줘.
script1_g_0044-6138-01-01-KSM-F-05-A.wav,실시간 미국 환율이 궁금해.
script1_g_0044-6139-01-01-KSM-F-05-A.wav,궁금해 내일 날씨가.
script1_g_0044-6140-01-01-KSM-F-05-A.wav,토스터 작동 부탁해.
script1_g_0044-6141-01-01-KSM-F-05-A.wav,조명 전원 차단해 줘.
script1_g_0044-6142-01-01-KSM-F-05-A.wav,강남역 통하는 길목에 사고 확인해 봐.
script1_g_0044-6143-01-01-KSM-F-05-A.wav,축구 보러 언제 가면 돼?
script1_g_0044-6144-01-01-KSM-F-05-A.wav,플레이 리스트 확인하고 싶어.
script1_g_0044-6145-01-01-KSM-F-05-A.wav,너무 어두워서 아무 것도 안 보이네 불 키자.
script1_g_0044-6146-01-01-KSM-F-05-A.wav,오디오북 콘텐츠 확인해 줘.
script1_g_0044-6147-01-01-KSM-F-05-A.wav,플레이 리스트 랜덤 재생해 줘.
script1_g_0044-6148-01-01-KSM-F-05-A.wav,해외 증권시세 상황 알려 줘.
script1_g_0044-6149-01-01-KSM-F-05-A.wav,테슬라 주가 상승폭이 얼마나 되는지 알려 줘.
script1_g_0044-6150-01-01-KSM-F-05-A.wav,취침 모드 사용자화가 가능할까?
script1_g_0044-6151-01-01-KSM-F-05-A.wav,나 지금 들어왔어 온도 좀 올려 주겠니?
script1_g_0044-6152-01-01-KSM-F-05-A.wav,내 루틴에 맞게 보일러 설정해 줘.
script1_g_0044-6153-01-01-KSM-F-05-A.wav,다음 주 경기 일정 알려줄 수 있어?
script1_g_0044-6154-01-01-KSM-F-05-A.wav,사고 난 지역이 서울이야?
script1_g_0044-6155-01-01-KSM-F-05-A.wav,내 도착 시간에 맞춰 보일러 온도 설정해 줘.
script1_g_0044-6156-01-01-KSM-F-05-A.wav,주요 뉴스 새로 올라온 거 있어?
script1_g_0044-6157-01-01-KSM-F-05-A.wav,오디오북 콘텐츠 리스트가 필요해.
script1_g_0044-6158-01-01-KSM-F-05-A.wav,막 들어온 금융 뉴스 하나 보내 줘.
script1_g_0044-6159-01-01-KSM-F-05-A.wav,기상청에서 이번 주 날씨 뭐라고 했는지 확인 좀.
script1_g_0044-6160-01-01-KSM-F-05-A.wav,오디오북 이 목소리 말고 없어?
script1_g_0044-6161-01-01-KSM-F-05-A.wav,해외 직구 해야하니까 달러 환율 말해 줘.
script1_g_0044-6162-01-01-KSM-F-05-A.wav,주요 뉴스 찾아 줘.
script1_g_0044-6163-01-01-KSM-F-05-A.wav,토스터 매일 아침 반복 작동시켜 줘.
script1_g_0044-6164-01-01-KSM-F-05-A.wav,토스터에 빵 좀 구워 줘.
script1_g_0044-6165-01-01-KSM-F-05-A.wav,내일 날씨정보 어떻게 봐?
script1_g_0044-6166-01-01-KSM-F-05-A.wav,교통 상황 실시간 체크.
script1_g_0044-6167-01-01-KSM-F-05-A.wav,내일 비 오니?
script1_g_0044-6168-01-01-KSM-F-05-A.wav,이십 초만 구워.
script1_g_0044-6169-01-01-KSM-F-05-A.wav,자동으로 보일러 켜는 것 좀 설정해 줘.
script1_g_0044-6170-01-01-KSM-F-05-A.wav,점등 확인해 줘.
script1_g_0044-6171-01-01-KSM-F-05-A.wav,오디오북 취침 모드 설정 부탁한다.
script1_g_0044-6172-01-01-KSM-F-05-A.wav,오늘 가장 뜨는 뉴스는 뭐야?
script1_g_0044-6173-01-01-KSM-F-05-A.wav,내가 있는 곳 날씨 좀 알려 줘.
script1_g_0044-6174-01-01-KSM-F-05-A.wav,날씨 알려달란 말이야!
script1_g_0044-6175-01-01-KSM-F-05-A.wav,야 방 어둡다 불 켜.
script1_g_0044-6176-01-01-KSM-F-05-A.wav,불 켜져 있는 곳 있으면 전부 소등해 줘.
script1_g_0044-6177-01-01-KSM-F-05-A.wav,오디오북 취침 모드 설정 알려줄수 있겠니?
script1_g_0044-6178-01-01-KSM-F-05-A.wav,재생 중인 오디오북 재생 시간 얼마나 남았어?
script1_g_0044-6179-01-01-KSM-F-05-A.wav,식탁 위에 있는 커피 머신 동작해 줄래?
script1_g_0044-6180-01-01-KSM-F-05-A.wav,거실이랑 안방 불만 좀 점등해 줘.
script1_g_0044-6181-01-01-KSM-F-05-A.wav,내일 확실히 비 그치는게 맞아?
script1_g_0044-6182-01-01-KSM-F-05-A.wav,모드 에너지 절약으로.
script1_g_0044-6183-01-01-KSM-F-05-A.wav,오늘의 핫한 뉴스 있어?
script1_g_0044-6184-01-01-KSM-F-05-A.wav,어제 전일대비 등락률 순위 알려 줘.
script1_g_0044-6185-01-01-KSM-F-05-A.wav,사고 난 도로 피해서 길 알려 줘.
script1_g_0044-6186-01-01-KSM-F-05-A.wav,얼마나 더 가야 정체가 풀리는지 얘기해 줘.
script1_g_0044-6187-01-01-KSM-F-05-A.wav,이번 주 간추린 소식 좀 부탁해.
script1_g_0044-6188-01-01-KSM-F-05-A.wav,커피 머신 커피 뽑아 줘.
script1_g_0044-6189-01-01-KSM-F-05-A.wav,이 노래 즐겨찾기 빨리 해 줘.
script1_g_0044-6190-01-01-KSM-F-05-A.wav,이번 주 날씨 예보 알려주지 않겠니?
script1_g_0044-6191-01-01-KSM-F-05-A.wav,나 정신 없어 노래 정지시켜 줘.
script1_g_0044-6192-01-01-KSM-F-05-A.wav,교통사고 일어났는지 알아 봐주라.
script1_g_0044-6193-01-01-KSM-F-05-A.wav,다음 경기 언제야?
script1_g_0044-6194-01-01-KSM-F-05-A.wav,쌀쌀한데 온도 일 도 올려줄 수 있어?
script1_g_0044-6195-01-01-KSM-F-05-A.wav,오디오북 속도 당겨.
script1_g_0044-6196-01-01-KSM-F-05-A.wav,외화 관련 증시 칼럼 가져와 봐.
script1_g_0044-6197-01-01-KSM-F-05-A.wav,내가 등록한 즐겨찾기 뭐야?
script1_g_0044-6198-01-01-KSM-F-05-A.wav,이피엘 리그 경기 일정 체크.
script1_g_0044-6199-01-01-KSM-F-05-A.wav,실내등 전부 켜 줄래?
script1_g_0044-6200-01-01-KSM-F-05-A.wav,오디오북 속도 느리게 해 봐.
script1_g_0044-6201-01-01-KSM-F-05-A.wav,플레이 리스트 플레이해.
script1_g_0044-6202-01-01-KSM-F-05-A.wav,너무 눈부셔서 블라인드 조금만 닫아주라.
script1_g_0044-6203-01-01-KSM-F-05-A.wav,이 주식 저평가 돼있는 거 맞아?
script1_g_0044-6204-01-01-KSM-F-05-A.wav,이 영상 즐겨찾기 추가.
script1_g_0044-6205-01-01-KSM-F-05-A.wav,차가 많지 않은 경로로 추천해 줘.
script1_g_0044-6206-01-01-KSM-F-05-A.wav,티비 켜주면 고맙겠구나.
script1_g_0044-6207-01-01-KSM-F-05-A.wav,오디오북 목소리 변경을 원해.
script1_g_0044-6208-01-01-KSM-F-05-A.wav,매수 상위 거래원 정보 찾아 줘.
script1_g_0044-6209-01-01-KSM-F-05-A.wav,밤이니까 불 점등해 줘.
script1_g_0044-6210-01-01-KSM-F-05-A.wav,무료 도로 사용해서 갈래.
script1_g_0044-6211-01-01-KSM-F-05-A.wav,지금 나오는 노래 즐겨찾기 해 놔.
script1_g_0044-6212-01-01-KSM-F-05-A.wav,경기 일정 목록 나열해 줘.
script1_g_0044-6213-01-01-KSM-F-05-A.wav,침실 밝혀 줘.
script1_g_0044-6214-01-01-KSM-F-05-A.wav,바로 빵 먹게 토스터 동작 시켜 줘.
script1_g_0044-6215-01-01-KSM-F-05-A.wav,블라인드 반 만 올려 줄래?
script1_g_0044-6216-01-01-KSM-F-05-A.wav,지금 사고 처리하고 있는 곳 있어?
script1_g_0044-6217-01-01-KSM-F-05-A.wav,실내조명 좀 켜.
script1_g_0044-6218-01-01-KSM-F-05-A.wav,사고 확인 파악하고 싶어.
script1_g_0044-6219-01-01-KSM-F-05-A.wav,지금 커피 머신 쓸래.
script1_g_0044-6220-01-01-KSM-F-05-A.wav,현재 체감온도는 몇 도지?
script1_g_0044-6221-01-01-KSM-F-05-A.wav,에너지 절약이 되는 모드로 해 줘.
script1_g_0044-6222-01-01-KSM-F-05-A.wav,커피 머신 작동시켜 줘 보렴.
script1_g_0044-6223-01-01-KSM-F-05-A.wav,절전 모드 서비스 실행.
script1_g_0044-6224-01-01-KSM-F-05-A.wav,주간 날씨 상황은 대강 어때?
script1_g_0046-6001-01-01-SYS-F-05-A.wav,보고 있는 영상 정지시켜 줘.
script1_g_0046-6002-01-01-SYS-F-05-A.wav,다음 주까지 날씨가 어때?
script1_g_0046-6003-01-01-SYS-F-05-A.wav,나 대신 점등해 줘.
script1_g_0046-6004-01-01-SYS-F-05-A.wav,이번 주 대체로 흐린지 궁금해.
script1_g_0046-6005-01-01-SYS-F-05-A.wav,지금 당장 취침 등 꺼 줘.
script1_g_0046-6006-01-01-SYS-F-05-A.wav,이번 주 평균 강수량 체크해 줘.
script1_g_0046-6007-01-01-SYS-F-05-A.wav,이번 주말 날씨 좀 알아 봐 줘.
script1_g_0046-6008-01-01-SYS-F-05-A.wav,지금 날씨는 좀 나아졌는지 알아 봐 줘.
script1_g_0046-6009-01-01-SYS-F-05-A.wav,강남구 오늘 날씨 브리핑.
script1_g_0046-6010-01-01-SYS-F-05-A.wav,어떤 길이 가장 가까워?
script1_g_0046-6011-01-01-SYS-F-05-A.wav,방에 불 좀 키고 싶다.
script1_g_0046-6012-01-01-SYS-F-05-A.wav,금융 뉴스 보여 줄래?
script1_g_0046-6013-01-01-SYS-F-05-A.wav,토스터 예열해 줄 수 있니?
script1_g_0046-6014-01-01-SYS-F-05-A.wav,즐겨찾는 항목으로 이동.
script1_g_0046-6015-01-01-SYS-F-05-A.wav,현재 가까운 도로 원활 한 곳 알려 줘.
script1_g_0046-6016-01-01-SYS-F-05-A.wav,오디오북 취침 모드 있지?
script1_g_0046-6017-01-01-SYS-F-05-A.wav,현재 도로 교통 어떤지 알려 줘.
script1_g_0046-6018-01-01-SYS-F-05-A.wav,이 주변 교통 상황은 어떻게 되니?
script1_g_0046-6019-01-01-SYS-F-05-A.wav,빵 다 구웠으니깐 토스터 오프.
script1_g_0046-6020-01-01-SYS-F-05-A.wav,지금 주가가 어제에 비해 몇 퍼센트 올랐지?
script1_g_0046-6021-01-01-SYS-F-05-A.wav,에어 청정기 켜 줘.
script1_g_0046-6022-01-01-SYS-F-05-A.wav,경부고속도로 소요시간 알려 줘
script1_g_0046-6023-01-01-SYS-F-05-A.wav,내일 태풍 언제쯤 우리나라에 올라와?
script1_g_0046-6024-01-01-SYS-F-05-A.wav,오늘 평균 기온이 얼마쯤 되는지 알고 싶다니깐!
script1_g_0046-6025-01-01-SYS-F-05-A.wav,오늘 태풍 온다는 것 같았는데 맞아?
script1_g_0046-6026-01-01-SYS-F-05-A.wav,내일의 미세멍지 농도는?
script1_g_0046-6027-01-01-SYS-F-05-A.wav,에너지 절약 모드로 셋팅해.
script1_g_0046-6028-01-01-SYS-F-05-A.wav,오늘 일교차가 어느 정도나 된대?
script1_g_0046-6029-01-01-SYS-F-05-A.wav,지름길로 어떻게 가?
script1_g_0046-6030-01-01-SYS-F-05-A.wav,내일 날씨가 뭐야?
script1_g_0046-6031-01-01-SYS-F-05-A.wav,모닝 커피 하게 머신 좀 켜.
script1_g_0046-6033-01-01-SYS-F-05-A.wav,부엌 불 미리 켜 놓고 있어 봐.
script1_g_0046-6034-01-01-SYS-F-05-A.wav,추천 경로 보여 줘.
script1_g_0046-6035-01-01-SYS-F-05-A.wav,학교 가는 길에 사고 확인해 줘.
script1_g_0046-6036-01-01-SYS-F-05-A.wav,오디오북 남은 시간이 어떻게 돼?
script1_g_0046-6037-01-01-SYS-F-05-A.wav,오늘 저녁 기온 몇 도 까지 내려 가?
script1_g_0046-6038-01-01-SYS-F-05-A.wav,커피 끓여 줘.
script1_g_0046-6039-01-01-SYS-F-05-A.wav,영화 보니깐 소등해 줘.
script1_g_0046-6040-01-01-SYS-F-05-A.wav,조회수 높은 주요 뉴스 제목들 읽어 줘.
script1_g_0046-6041-01-01-SYS-F-05-A.wav,공기정화장치 켜 줘.
script1_g_0046-6042-01-01-SYS-F-05-A.wav,에너지 절약 모드 켜 줄래?
script1_g_0046-6043-01-01-SYS-F-05-A.wav,지금 서울시내에 사고 난 곳이 있는지 봐 줄래?
script1_g_0046-6044-01-01-SYS-F-05-A.wav,전방 십 키로 내 교통 상황이 어때?
script1_g_0046-6045-01-01-SYS-F-05-A.wav,블라인드 조절 전부 내리는 걸로 맞춰 줘.
script1_g_0046-6046-01-01-SYS-F-05-A.wav,이번 주말에 최저 기온이 얼마까지 떨어지는지 알려 줘.
script1_g_0046-6047-01-01-SYS-F-05-A.wav,내가 검색했던 종목 주가가 어떻게 돼?
script1_g_0046-6048-01-01-SYS-F-05-A.wav,기아차의 일주일 주가 확인 부탁해.
script1_g_0046-6049-01-01-SYS-F-05-A.wav,천 원을 달러로 바꾸면 얼마야?
script1_g_0046-6050-01-01-SYS-F-05-A.wav,밖에 어때?
script1_g_0046-6051-01-01-SYS-F-05-A.wav,자동 설정으로 공기청정기 틀어 줘.
script1_g_0046-6052-01-01-SYS-F-05-A.wav,다른 목소리로 오디오 북 읽어줄 수 있어?
script1_g_0046-6053-01-01-SYS-F-05-A.wav,만화 보고 싶으니 티브이 켜 줘.
script1_g_0046-6054-01-01-SYS-F-05-A.wav,지금 빵 구워 줄 수 있니?
script1_g_0046-6055-01-01-SYS-F-05-A.wav,티브이 전원 이제 꺼 줘.
script1_g_0046-6056-01-01-SYS-F-05-A.wav,밖에 날씨 좋아 보여?
script1_g_0046-6057-01-01-SYS-F-05-A.wav,너무 깜깜한데 불 좀 켜 주렴.
script1_g_0046-6058-01-01-SYS-F-05-A.wav,주말에 폭염 주의보 내려졌어?
script1_g_0046-6059-01-01-SYS-F-05-A.wav,듣는책 콘텐츠 검색 부탁해.
script1_g_0046-6060-01-01-SYS-F-05-A.wav,최소한의 에너지 절약 모드를 부탁해.
script1_g_0046-6061-01-01-SYS-F-05-A.wav,즐겨찾기 목록에 얘도 더하자.
script1_g_0046-6062-01-01-SYS-F-05-A.wav,경기 시간표 좀 말해 줄래?
script1_g_0046-6063-01-01-SYS-F-05-A.wav,경기가 언제 있더라?
script1_g_0046-6064-01-01-SYS-F-05-A.wav,야구 경기가 몇시에 열리는지 알고 있어?
script1_g_0046-6065-01-01-SYS-F-05-A.wav,커피 머신으로 따뜻하게 커피내려 줘
script1_g_0046-6066-01-01-SYS-F-05-A.wav,토요일 강수량 궁금해.
script1_g_0046-6067-01-01-SYS-F-05-A.wav,오디오북 목소리 더 좋은 것은 없어?
script1_g_0046-6068-01-01-SYS-F-05-A.wav,오늘 예보 알려주면 고마울 것 같아.
script1_g_0046-6069-01-01-SYS-F-05-A.wav,작은방 불 켜 줘.
script1_g_0046-6070-01-01-SYS-F-05-A.wav,보일러 온도 설정 좀 내 귀가 시간에 맞춰놔.
script1_g_0046-6071-01-01-SYS-F-05-A.wav,이제 블라인드 다 올려.
script1_g_0046-6072-01-01-SYS-F-05-A.wav,이 근처 사고 여부 확인해 주실래요?
script1_g_0046-6073-01-01-SYS-F-05-A.wav,토스터 삼십 초 있다가 꺼 줘.
script1_g_0046-6074-01-01-SYS-F-05-A.wav,횐율변동사항 요약해 줘.
script1_g_0046-6075-01-01-SYS-F-05-A.wav,다 들으려면 얼마나 남았는지 알고 싶어.
script1_g_0046-6076-01-01-SYS-F-05-A.wav,노래 일시정지 좀.
script1_g_0046-6077-01-01-SYS-F-05-A.wav,노래 이제 그만 듣고 싶어.
script1_g_0046-6078-01-01-SYS-F-05-A.wav,주요 뉴스 즉각 알려주면 좋겠어.
script1_g_0046-6079-01-01-SYS-F-05-A.wav,작은 방 전등 소등해 줘.
script1_g_0046-6080-01-01-SYS-F-05-A.wav,오늘 카카오 최고가가 얼만지 말해 줘.
script1_g_0046-6081-01-01-SYS-F-05-A.wav,내일은 더 추워진대?
script1_g_0046-6082-01-01-SYS-F-05-A.wav,한 주 날씨 알려 줘.
script1_g_0046-6083-01-01-SYS-F-05-A.wav,주말에 제일 더울 때 기온이 얼마나 올라가?
script1_g_0046-6084-01-01-SYS-F-05-A.wav,오늘 밤에 날씨 어떨 것 같아?
script1_g_0046-6085-01-01-SYS-F-05-A.wav,내일 우산 챙겨야 할 날씨야?
script1_g_0046-6086-01-01-SYS-F-05-A.wav,금일 기후 예보를 알려 줘.
script1_g_0046-6087-01-01-SYS-F-05-A.wav,취침 설정 가능하니?
script1_g_0046-6088-01-01-SYS-F-05-A.wav,텔레비전 켜 달라니까?
script1_g_0046-6089-01-01-SYS-F-05-A.wav,지금 오디오북 속도 한 단계 빠르게 설정 가능해?
script1_g_0046-6090-01-01-SYS-F-05-A.wav,지금 커피 한 잔 먹으면 좋을 것 같아.
script1_g_0046-6091-01-01-SYS-F-05-A.wav,주가 전일비 상승이야?
script1_g_0046-6092-01-01-SYS-F-05-A.wav,등 켜 줘.
script1_g_0046-6093-01-01-SYS-F-05-A.wav,저녁에도 비 오는지 확인해 줘.
script1_g_0046-6094-01-01-SYS-F-05-A.wav,조명 안 꺼진거 다 꺼 줘.
script1_g_0046-6095-01-01-SYS-F-05-A.wav,이번 주에 언제부터 추워지니?
script1_g_0046-6096-01-01-SYS-F-05-A.wav,주요 뉴스 어디서 볼 수 있어?
script1_g_0046-6097-01-01-SYS-F-05-A.wav,커피 메이커 전원 넣어 줘.
script1_g_0046-6098-01-01-SYS-F-05-A.wav,플레이 리스트 목록 재생해.
script1_g_0046-6099-01-01-SYS-F-05-A.wav,귀 아픈데 그만 듣고 싶어.
script1_g_0046-6100-01-01-SYS-F-05-A.wav,내가 못 본 헤드라인 있어?
script1_g_0046-6101-01-01-SYS-F-05-A.wav,이 앞에 사고 여부 확인 부탁해.
script1_g_0046-6102-01-01-SYS-F-05-A.wav,경제 기사 중에 외화 관련된 것들로만 뽑아 봐.
script1_g_0046-6103-01-01-SYS-F-05-A.wav,무드등 턴 오프.
script1_g_0046-6104-01-01-SYS-F-05-A.wav,시가총액 제일 탑 종목이 뭐야?
script1_g_0046-6105-01-01-SYS-F-05-A.wav,에너지 잠깐만 절약시켜 줘.
script1_g_0046-6106-01-01-SYS-F-05-A.wav,오디오북 취침 모드 어떻게 해.
script1_g_0046-6107-01-01-SYS-F-05-A.wav,소요 시간 가장 짧은 루트로 알려 줘.
script1_g_0046-6108-01-01-SYS-F-05-A.wav,현재 주가가 몇 포인트 떨어졌어?
script1_g_0046-6109-01-01-SYS-F-05-A.wav,바깥을 보고 싶은데 블라인드 위로 올려 줘.
script1_g_0046-6111-01-01-SYS-F-05-A.wav,내일 우리 동네 날씨 알려 줘.
script1_g_0046-6112-01-01-SYS-F-05-A.wav,이거 플레이 리스트 이름 뭐야?
script1_g_0046-6113-01-01-SYS-F-05-A.wav,밖에 날씨 확인 부탁해.
script1_g_0046-6114-01-01-SYS-F-05-A.wav,커피 마시면서 하루를 시작하고 싶어.
script1_g_0046-6115-01-01-SYS-F-05-A.wav,주요 뉴스 핵심 주제는 무엇에 관한 것이니?
script1_g_0046-6116-01-01-SYS-F-05-A.wav,나는 주요 뉴스를 요구한다.
script1_g_0046-6117-01-01-SYS-F-05-A.wav,검색어 일위 뭔데?
script1_g_0046-6118-01-01-SYS-F-05-A.wav,지금 있는 위치 부근에 사고 있나 확인해 줘.
script1_g_0046-6119-01-01-SYS-F-05-A.wav,에스프레소 투 샷 내려 줘.
script1_g_0046-6120-01-01-SYS-F-05-A.wav,오디오북 콘텐츠로 이동.
script1_g_0046-6121-01-01-SYS-F-05-A.wav,현재 날씨 말해 줘.
script1_g_0046-6122-01-01-SYS-F-05-A.wav,토스터 뜨거워지면 빵 굽기 시작해.
script1_g_0046-6123-01-01-SYS-F-05-A.wav,오디오북 취침 모드 고정!
script1_g_0046-6125-01-01-SYS-F-05-A.wav,지금 자야 하니까 취침등 꺼 줘.
script1_g_0046-6126-01-01-SYS-F-05-A.wav,이번 주 일교차 확인해 줘.
script1_g_0046-6127-01-01-SYS-F-05-A.wav,오디오북 콘텐츠를 봅시다.
script1_g_0046-6128-01-01-SYS-F-05-A.wav,소등하도록 해.
script1_g_0046-6129-01-01-SYS-F-05-A.wav,귀가가 늦을거야 등불 다 꺼.
script1_g_0046-6130-01-01-SYS-F-05-A.wav,오늘 외환 시세 조합정보 요청합니다.
script1_g_0046-6131-01-01-SYS-F-05-A.wav,지금 날씨가 어떻지?
script1_g_0046-6132-01-01-SYS-F-05-A.wav,오디오북 취침 모드 시작해 줘.
script1_g_0046-6133-01-01-SYS-F-05-A.wav,이번 주 날씨 상태 어때?
script1_g_0046-6134-01-01-SYS-F-05-A.wav,오디오북 취침 모드가 켜져있니?
script1_g_0046-6135-01-01-SYS-F-05-A.wav,이번 주 전체 일기예보 알려 줘.
script1_g_0046-6136-01-01-SYS-F-05-A.wav,오늘 강수확률 어때?
script1_g_0046-6137-01-01-SYS-F-05-A.wav,블라인드 햇빛 차단해 줘.
script1_g_0046-6138-01-01-SYS-F-05-A.wav,실시간 미국 환율이 궁금해.
script1_g_0046-6139-01-01-SYS-F-05-A.wav,궁금해 내일 날씨가.
script1_g_0046-6140-01-01-SYS-F-05-A.wav,토스터 작동 부탁해.
script1_g_0046-6141-01-01-SYS-F-05-A.wav,조명 전원 차단해 줘.
script1_g_0046-6142-01-01-SYS-F-05-A.wav,강남역 통하는 길목에 사고 확인해 봐.
script1_g_0046-6143-01-01-SYS-F-05-A.wav,축구 보러 언제 가면 돼?
script1_g_0046-6144-01-01-SYS-F-05-A.wav,플레이 리스트 확인하고 싶어.
script1_g_0046-6145-01-01-SYS-F-05-A.wav,너무 어두워서 아무 것도 안 보이네 불 키자.
script1_g_0046-6146-01-01-SYS-F-05-A.wav,오디오북 콘텐츠 확인해 줘.
script1_g_0046-6147-01-01-SYS-F-05-A.wav,플레이 리스트 랜덤 재생해 줘.
script1_g_0046-6148-01-01-SYS-F-05-A.wav,해외 증권시세 상황 알려 줘.
script1_g_0046-6149-01-01-SYS-F-05-A.wav,테슬라 주가 상승폭이 얼마나 되는지 알려 줘.
script1_g_0046-6150-01-01-SYS-F-05-A.wav,취침 모드 사용자화가 가능할까?
script1_g_0046-6151-01-01-SYS-F-05-A.wav,나 지금 들어왔어 온도 좀 올려 주겠니?
script1_g_0046-6152-01-01-SYS-F-05-A.wav,내 루틴에 맞게 보일러 설정해 줘.
script1_g_0046-6153-01-01-SYS-F-05-A.wav,다음 주 경기 일정 알려줄 수 있어?
script1_g_0046-6154-01-01-SYS-F-05-A.wav,사고 난 지역이 서울이야?
script1_g_0046-6155-01-01-SYS-F-05-A.wav,내 도착 시간에 맞춰 보일러 온도 설정해 줘.
script1_g_0046-6156-01-01-SYS-F-05-A.wav,주요 뉴스 새로 올라온 거 있어?
script1_g_0046-6157-01-01-SYS-F-05-A.wav,오디오북 콘텐츠 리스트가 필요해.
script1_g_0046-6158-01-01-SYS-F-05-A.wav,막 들어온 금융 뉴스 하나 보내 줘.
script1_g_0046-6159-01-01-SYS-F-05-A.wav,기상청에서 이번 주 날씨 뭐라고 했는지 확인 좀.
script1_g_0046-6160-01-01-SYS-F-05-A.wav,오디오북 이 목소리 말고 없어?
script1_g_0046-6161-01-01-SYS-F-05-A.wav,해외 직구 해야하니까 달러 환율 말해 줘.
script1_g_0046-6162-01-01-SYS-F-05-A.wav,주요 뉴스 찾아 줘.
script1_g_0046-6163-01-01-SYS-F-05-A.wav,토스터 매일 아침 반복 작동시켜 줘.
script1_g_0046-6164-01-01-SYS-F-05-A.wav,토스터에 빵 좀 구워 줘.
script1_g_0046-6165-01-01-SYS-F-05-A.wav,내일 날씨정보 어떻게 봐?
script1_g_0046-6166-01-01-SYS-F-05-A.wav,교통 상황 실시간 체크.
script1_g_0046-6167-01-01-SYS-F-05-A.wav,내일 비 오니?
script1_g_0046-6168-01-01-SYS-F-05-A.wav,이십 초만 구워.
script1_g_0046-6169-01-01-SYS-F-05-A.wav,자동으로 보일러 켜는 것 좀 설정해 줘.
script1_g_0046-6170-01-01-SYS-F-05-A.wav,점등 확인해 줘.
script1_g_0046-6171-01-01-SYS-F-05-A.wav,오디오북 취침 모드 설정 부탁한다.
script1_g_0046-6172-01-01-SYS-F-05-A.wav,오늘 가장 뜨는 뉴스는 뭐야?
script1_g_0046-6173-01-01-SYS-F-05-A.wav,내가 있는 곳 날씨 좀 알려 줘.
script1_g_0046-6174-01-01-SYS-F-05-A.wav,날씨 알려달란 말이야!
script1_g_0046-6175-01-01-SYS-F-05-A.wav,야 방 어둡다 불 켜.
script1_g_0046-6176-01-01-SYS-F-05-A.wav,불 켜져 있는 곳 있으면 전부 소등해 줘.
script1_g_0046-6177-01-01-SYS-F-05-A.wav,오디오북 취침 모드 설정 알려줄수 있겠니?
script1_g_0046-6178-01-01-SYS-F-05-A.wav,재생 중인 오디오북 재생 시간 얼마나 남았어?
script1_g_0046-6179-01-01-SYS-F-05-A.wav,식탁 위에 있는 커피 머신 동작해 줄래?
script1_g_0046-6180-01-01-SYS-F-05-A.wav,거실이랑 안방 불만 좀 점등해 줘.
script1_g_0046-6181-01-01-SYS-F-05-A.wav,내일 확실히 비 그치는게 맞아?
script1_g_0046-6182-01-01-SYS-F-05-A.wav,모드 에너지 절약으로.
script1_g_0046-6183-01-01-SYS-F-05-A.wav,오늘의 핫한 뉴스 있어?
script1_g_0046-6184-01-01-SYS-F-05-A.wav,어제 전일대비 등락률 순위 알려 줘.
script1_g_0046-6185-01-01-SYS-F-05-A.wav,사고 난 도로 피해서 길 알려 줘.
script1_g_0046-6186-01-01-SYS-F-05-A.wav,얼마나 더 가야 정체가 풀리는지 얘기해 줘.
script1_g_0046-6187-01-01-SYS-F-05-A.wav,이번 주 간추린 소식 좀 부탁해.
script1_g_0046-6188-01-01-SYS-F-05-A.wav,커피 머신 커피 뽑아 줘.
script1_g_0046-6189-01-01-SYS-F-05-A.wav,이 노래 즐겨찾기 빨리 해 줘.
script1_g_0046-6190-01-01-SYS-F-05-A.wav,이번 주 날씨 예보 알려주지 않겠니?
script1_g_0046-6191-01-01-SYS-F-05-A.wav,나 정신 없어 노래 정지시켜 줘.
script1_g_0046-6192-01-01-SYS-F-05-A.wav,교통사고 일어났는지 알아 봐주라.
script1_g_0046-6193-01-01-SYS-F-05-A.wav,다음 경기 언제야?
script1_g_0046-6194-01-01-SYS-F-05-A.wav,쌀쌀한데 온도 일 도 올려줄 수 있어?
script1_g_0046-6195-01-01-SYS-F-05-A.wav,오디오북 속도 당겨.
script1_g_0046-6196-01-01-SYS-F-05-A.wav,외화 관련 증시 칼럼 가져와 봐.
script1_g_0046-6197-01-01-SYS-F-05-A.wav,내가 등록한 즐겨찾기 뭐야?
script1_g_0046-6198-01-01-SYS-F-05-A.wav,이피엘 리그 경기 일정 체크.
script1_g_0046-6199-01-01-SYS-F-05-A.wav,실내등 전부 켜 줄래?
script1_g_0046-6200-01-01-SYS-F-05-A.wav,오디오북 속도 느리게 해 봐.
script1_g_0046-6201-01-01-SYS-F-05-A.wav,플레이 리스트 플레이해.
script1_g_0046-6202-01-01-SYS-F-05-A.wav,너무 눈부셔서 블라인드 조금만 닫아주라.
script1_g_0046-6203-01-01-SYS-F-05-A.wav,이 주식 저평가 돼있는 거 맞아?
script1_g_0046-6204-01-01-SYS-F-05-A.wav,이 영상 즐겨찾기 추가.
script1_g_0046-6205-01-01-SYS-F-05-A.wav,차가 많지 않은 경로로 추천해 줘.
script1_g_0046-6206-01-01-SYS-F-05-A.wav,티비 켜주면 고맙겠구나.
script1_g_0046-6207-01-01-SYS-F-05-A.wav,오디오북 목소리 변경을 원해.
script1_g_0046-6208-01-01-SYS-F-05-A.wav,매수 상위 거래원 정보 찾아 줘.
script1_g_0046-6209-01-01-SYS-F-05-A.wav,밤이니까 불 점등해 줘.
script1_g_0046-6210-01-01-SYS-F-05-A.wav,무료 도로 사용해서 갈래.
script1_g_0046-6211-01-01-SYS-F-05-A.wav,지금 나오는 노래 즐겨찾기 해 놔.
script1_g_0046-6212-01-01-SYS-F-05-A.wav,경기 일정 목록 나열해 줘.
script1_g_0046-6213-01-01-SYS-F-05-A.wav,침실 밝혀 줘.
script1_g_0046-6214-01-01-SYS-F-05-A.wav,바로 빵 먹게 토스터 동작 시켜 줘.
script1_g_0046-6215-01-01-SYS-F-05-A.wav,블라인드 반 만 올려 줄래?
script1_g_0046-6216-01-01-SYS-F-05-A.wav,지금 사고 처리하고 있는 곳 있어?
script1_g_0046-6217-01-01-SYS-F-05-A.wav,실내조명 좀 켜.
script1_g_0046-6218-01-01-SYS-F-05-A.wav,사고 확인 파악하고 싶어.
script1_g_0046-6219-01-01-SYS-F-05-A.wav,지금 커피 머신 쓸래.
script1_g_0046-6220-01-01-SYS-F-05-A.wav,현재 체감온도는 몇 도지?
script1_g_0046-6221-01-01-SYS-F-05-A.wav,에너지 절약이 되는 모드로 해 줘.
script1_g_0046-6222-01-01-SYS-F-05-A.wav,커피 머신 작동시켜 줘 보렴.
script1_g_0046-6223-01-01-SYS-F-05-A.wav,절전 모드 서비스 실행.
script1_g_0046-6224-01-01-SYS-F-05-A.wav,주간 날씨 상황은 대강 어때?
script1_g_0046-6225-01-01-SYS-F-05-A.wav,일 번 국도여행 경로 추천 부탁 해.
script1_g_0046-6226-01-01-SYS-F-05-A.wav,오늘 습도 높아?
script1_g_0046-6227-01-01-SYS-F-05-A.wav,실시간 주가에 대한 정보가 필요해.
script1_g_0046-6228-01-01-SYS-F-05-A.wav,재생되는 거 즐겨찾기 고!
script1_g_0046-6229-01-01-SYS-F-05-A.wav,현재 교통 체증 심각한 편인가?
script1_g_0046-6230-01-01-SYS-F-05-A.wav,취침 등 꺼줬으면 해.
script1_g_0046-6231-01-01-SYS-F-05-A.wav,오디오북 최신 콘텐츠 알려 줘.
script1_g_0046-6232-01-01-SYS-F-05-A.wav,지금 밖에 온도 확인해 줘.
script1_g_0046-6233-01-01-SYS-F-05-A.wav,이번 주말 추울까?
script1_g_0046-6234-01-01-SYS-F-05-A.wav,이 책 다 들으면 오디오북 꺼 줘.
script1_g_0046-6235-01-01-SYS-F-05-A.wav,오디오북 속도 컨트롤해 줘.
script1_g_0046-6236-01-01-SYS-F-05-A.wav,지금 차 얼마나 막히는지 알려 줘.
script1_g_0046-6237-01-01-SYS-F-05-A.wav,그만 잘래 취침 등 꺼 줘.
script1_g_0046-6238-01-01-SYS-F-05-A.wav,고속 도로 이용 경로.
script1_g_0046-6239-01-01-SYS-F-05-A.wav,지금 차가 막히는데 우회도로 알려 줘.
script1_g_0046-6240-01-01-SYS-F-05-A.wav,온수 받고 커피 내려.
script1_g_0046-6241-01-01-SYS-F-05-A.wav,게임 스케줄 체크하고 싶어.
script1_g_0046-6242-01-01-SYS-F-05-A.wav,지금 날이 어떠냐?
script1_g_0046-6243-01-01-SYS-F-05-A.wav,주말에 태풍 지나가니?
script1_g_0046-6244-01-01-SYS-F-05-A.wav,햇빛 좀 적게 들어오게 블라인드 가려 줘.
script1_g_0046-6245-01-01-SYS-F-05-A.wav,나 토스트 먹을 건데 토스터 예열해 줘.
script1_g_0046-6246-01-01-SYS-F-05-A.wav,교통 상황 검색.
script1_g_0046-6247-01-01-SYS-F-05-A.wav,인터넷방송 즐겨찾기 다 찾아 줘.
script1_g_0046-6248-01-01-SYS-F-05-A.wav,내 콘텐츠에 뭐가 있지?
script1_g_0046-6249-01-01-SYS-F-05-A.wav,공기 환기하게 청정기 틀어 줘.
script1_g_0046-6250-01-01-SYS-F-05-A.wav,지금 재생되고 있는 거 정지해 줘.
script1_g_0046-6251-01-01-SYS-F-05-A.wav,오늘의 톱뉴스에는 뭐가 있을까?
script1_g_0046-6252-01-01-SYS-F-05-A.wav,경로를 추천해줬으면 좋겠어.
script1_g_0046-6253-01-01-SYS-F-05-A.wav,교통 상황이 바뀐게 있는지 알려 줘.
script1_g_0046-6254-01-01-SYS-F-05-A.wav,오디오북 남은 시간 대략 어떻게 돼?
script1_g_0046-6255-01-01-SYS-F-05-A.wav,커피 머신 일어나.
script1_g_0046-6256-01-01-SYS-F-05-A.wav,현재 도로 위 사고상황이 어떻게 돼?
script1_g_0046-6257-01-01-SYS-F-05-A.wav,다른 등은 놔두고 취침등만 꺼 줘.
script1_g_0046-6258-01-01-SYS-F-05-A.wav,사고 난 곳 있으면 알려 줘.
script1_g_0046-6259-01-01-SYS-F-05-A.wav,티브이 켜서 케이비에스 틀어 줘.
script1_g_0046-6260-01-01-SYS-F-05-A.wav,티브이 꺼 주겠니?
script1_g_0046-6261-01-01-SYS-F-05-A.wav,지금 외출해야하는데 날씨 어때?
script1_g_0046-6262-01-01-SYS-F-05-A.wav,이것만 끝나면 티브이 오프해 줘.
script1_g_0046-6263-01-01-SYS-F-05-A.wav,이 콘텐츠 있는지 찾아보고 싶어.
script1_g_0046-6264-01-01-SYS-F-05-A.wav,중국 환율 매매기준율 확인 가능해?
script1_g_0046-6265-01-01-SYS-F-05-A.wav,오디오북 목소리 좀 바꾸자.
script1_g_0046-6266-01-01-SYS-F-05-A.wav,지금부터 에너지 절약 모드 실행해.
script1_g_0046-6267-01-01-SYS-F-05-A.wav,내일도 오늘만큼 많이 쌀쌀해?
script1_g_0046-6268-01-01-SYS-F-05-A.wav,이번 주말엔 주중보다 따뜻해?
script1_g_0046-6269-01-01-SYS-F-05-A.wav,사람들이 많이 봤던 뉴스가 어떤 내용이야?
script1_g_0046-6270-01-01-SYS-F-05-A.wav,주식이 올라야할 텐데 금융 뉴스 나온거 있어?
script1_g_0046-6271-01-01-SYS-F-05-A.wav,국내 축구 경기 언제 할까?
script1_g_0046-6272-01-01-SYS-F-05-A.wav,커튼 조금만 위로 올려 줘.
script1_g_0046-6273-01-01-SYS-F-05-A.wav,오디오북 세배속으로 읽어 줘
script1_g_0046-6274-01-01-SYS-F-05-A.wav,귀가 삼십 분 전부터 온도 맞추어 놓으렴.
script1_g_0046-6275-01-01-SYS-F-05-A.wav,금주의 날씨는?
script1_g_0046-6276-01-01-SYS-F-05-A.wav,음악 플레이 중지해 줘.
script1_g_0046-6277-01-01-SYS-F-05-A.wav,베란다 불 꺼 줄래?
script1_g_0046-6278-01-01-SYS-F-05-A.wav,드라이브하기 좋은 경로로 추천해 봐.
script1_g_0046-6279-01-01-SYS-F-05-A.wav,나 이제 그만 들어도 될 것 같아.
script1_g_0046-6280-01-01-SYS-F-05-A.wav,빵 좀 맛있게 구워 줘.
script1_g_0046-6281-01-01-SYS-F-05-A.wav,지금 교통 상황이 어떤지 아니?
script1_g_0046-6282-01-01-SYS-F-05-A.wav,주요 뉴스가 어떻게 돼?
script1_g_0046-6283-01-01-SYS-F-05-A.wav,낮 최고 기온 말해 줘.
script1_g_0046-6284-01-01-SYS-F-05-A.wav,올림픽대로 사고났어?
script1_g_0046-6285-01-01-SYS-F-05-A.wav,많이 본 뉴스 보여 줘.
script1_g_0046-6286-01-01-SYS-F-05-A.wav,전방에 문제가 발생한 것 같은데?
script1_g_0046-6288-01-01-SYS-F-05-A.wav,현재 원활한 도로 찾아 줘.
script1_g_0046-6289-01-01-SYS-F-05-A.wav,주말 날씨 브리핑 해 줘.
script1_g_0046-6290-01-01-SYS-F-05-A.wav,아이스 아메리카노로 부탁해.
script1_g_0046-6291-01-01-SYS-F-05-A.wav,주변에 사고 난 곳 있니?
script1_g_0046-6293-01-01-SYS-F-05-A.wav,차광막 걷어.
script1_g_0046-6294-01-01-SYS-F-05-A.wav,블라인드 살짝만 쳐 줘.
script1_g_0046-6295-01-01-SYS-F-05-A.wav,오늘 경기 일정 읊어 봐.
script1_g_0046-6296-01-01-SYS-F-05-A.wav,잘 시간이라 불 꺼주면 이제 잘게.
script1_g_0046-6297-01-01-SYS-F-05-A.wav,목소리 이상해 바꿔 줘.
script1_g_0046-6298-01-01-SYS-F-05-A.wav,오늘 환율 정보 자세히 알려 줘.
script1_g_0046-6299-01-01-SYS-F-05-A.wav,답답한 느낌이 드는데 공기청정기 켜 줘.
script1_g_0046-6300-01-01-SYS-F-05-A.wav,우산 가져갈까 말까?
script1_g_0046-6301-01-01-SYS-F-05-A.wav,현재 오디오북 콘텐츠 검색해 보자.
script1_g_0046-6302-01-01-SYS-F-05-A.wav,사고 유무 조사 부탁해.
script1_g_0046-6303-01-01-SYS-F-05-A.wav,방에 전등 꺼.
script1_g_0046-6304-01-01-SYS-F-05-A.wav,티브이 켜서 영화 볼래.
script1_g_0046-6305-01-01-SYS-F-05-A.wav,토스터 동작 온으로 바꿔 줘.
script1_g_0046-6306-01-01-SYS-F-05-A.wav,내일 비가 몇 시쯤 내려?
script1_g_0046-6307-01-01-SYS-F-05-A.wav,잘거야 취침 모드로 바꿔.
script1_g_0046-6308-01-01-SYS-F-05-A.wav,블라인드 올려 줄 수 있겠어?
script1_g_0046-6309-01-01-SYS-F-05-A.wav,에너지 절약 모드로 변경 플리즈.
script1_g_0046-6310-01-01-SYS-F-05-A.wav,거실이 어두우니 불을 켜야겠어.
script1_g_0046-6311-01-01-SYS-F-05-A.wav,블라인드 절반만 올려 줘.
script1_g_0046-6312-01-01-SYS-F-05-A.wav,앞 사고 무슨 일인지 알려 줘.
script1_g_0046-6313-01-01-SYS-F-05-A.wav,지금 코스피 알고 싶어.
script1_g_0046-6314-01-01-SYS-F-05-A.wav,일요일 낮 기온 확인 해.
script1_g_0046-6315-01-01-SYS-F-05-A.wav,오늘 많이 추운지 궁금하다.
script1_g_0046-6316-01-01-SYS-F-05-A.wav,티브이 꺼지면 취침 등도 꺼지게 해.
script1_g_0046-6317-01-01-SYS-F-05-A.wav,오늘 해외 농구 경기 일정 브리핑해!
script1_g_0046-6318-01-01-SYS-F-05-A.wav,내일 정오 온도 체크해 줘.
script1_g_0046-6319-01-01-SYS-F-05-A.wav,오늘 일기예보 알려 줘
script1_g_0046-6320-01-01-SYS-F-05-A.wav,모닝커피 좀 마시게 커피 머신 좀 켜 줘.
script1_g_0046-6321-01-01-SYS-F-05-A.wav,티브이로 음악채널 틀어 봐.
script1_g_0046-6322-01-01-SYS-F-05-A.wav,오늘 아침엔 커피 마실까?
script1_g_0046-6323-01-01-SYS-F-05-A.wav,오늘 아홉시 뉴스 헤드라인 뭐야?
script1_g_0046-6324-01-01-SYS-F-05-A.wav,근처 사고 지점 확인 부탁합니다.
script1_g_0046-6325-01-01-SYS-F-05-A.wav,몇시부터 추워지는지 확인해 봐.
script1_g_0046-6326-01-01-SYS-F-05-A.wav,플레이 리스트 아무거나 빨리 재생해 줘.
script1_g_0046-6327-01-01-SYS-F-05-A.wav,최대한 빨리 도착할 수 있게 안내해 줘.
script1_g_0046-6328-01-01-SYS-F-05-A.wav,지금 켜져 있는 불 전부 다 꺼 줘.
script1_g_0046-6329-01-01-SYS-F-05-A.wav,창가에 블라인드 전체 다 내려 줄래?
script1_g_0046-6330-01-01-SYS-F-05-A.wav,재생되는 플레이 리스트 제목.
script1_g_0046-6331-01-01-SYS-F-05-A.wav,오디오북 콘텐츠 검색은 어떻게 하지?
script1_g_0046-6332-01-01-SYS-F-05-A.wav,요즘 뜨는 종목 추천해 줘.
script1_g_0046-6333-01-01-SYS-F-05-A.wav,오늘 오전 교통사고 있던 곳 찾아 줘.
script1_g_0046-6334-01-01-SYS-F-05-A.wav,달러 팔 때는 얼마야?
script1_g_0046-6335-01-01-SYS-F-05-A.wav,현재 교통 상황 파악 부탁해.
script1_g_0046-6336-01-01-SYS-F-05-A.wav,교통량을 확인해야 해.
script1_g_0046-6337-01-01-SYS-F-05-A.wav,이번 주는 날씨가 어떻게 진행될까?
script1_g_0046-6338-01-01-SYS-F-05-A.wav,새로운 도로를 찾아 주세요.
script1_g_0046-6339-01-01-SYS-F-05-A.wav,에너지 절약 모드 실행 부탁해.
script1_g_0046-6340-01-01-SYS-F-05-A.wav,내일 일교차 큰지 알려 줘.
script1_g_0046-6341-01-01-SYS-F-05-A.wav,손흥민 복귀전이 언제야?
script1_g_0046-6342-01-01-SYS-F-05-A.wav,티브이 켜서 뉴스 틀어 줘.
script1_g_0046-6343-01-01-SYS-F-05-A.wav,요번 주 날씨는 어떤지 말해 봐.
script1_g_0046-6344-01-01-SYS-F-05-A.wav,현재 기상상태 알려 주세요.
script1_g_0046-6345-01-01-SYS-F-05-A.wav,주간 날씨 점검해 주세요.
script1_g_0046-6346-01-01-SYS-F-05-A.wav,정체 심한데 사고 났어?
script1_g_0046-6347-01-01-SYS-F-05-A.wav,내부순환로에 사고 났는지 체크해.
script1_g_0046-6348-01-01-SYS-F-05-A.wav,오늘 중 바람 제일 세게 부는 때가 몇 시야?
script1_g_0046-6349-01-01-SYS-F-05-A.wav,집 안 불 좀 다 꺼 줄래?
script1_g_0046-6350-01-01-SYS-F-05-A.wav,한 주의 날씨 분석해 줘.
script1_g_0046-6351-01-01-SYS-F-05-A.wav,현재 환율 어제보다 올랐어?
script1_g_0046-6352-01-01-SYS-F-05-A.wav,또 듣게 즐겨찾기 해놔.
script1_g_0046-6353-01-01-SYS-F-05-A.wav,오디오북 콘텐츠 종류 알려 줘
script1_g_0046-6354-01-01-SYS-F-05-A.wav,모닝 롤 토스터로 데워 줘.
script1_g_0046-6355-01-01-SYS-F-05-A.wav,이 노래 좋다 즐겨찾기 해줄 수 있니?
script1_g_0046-6356-01-01-SYS-F-05-A.wav,우리집 조명 다 꺼.
script1_g_0046-6357-01-01-SYS-F-05-A.wav,효율적 투자를 위한 환율 정보 말해 주겠니?
script1_g_0046-6358-01-01-SYS-F-05-A.wav,사고 유무에 대해 알려줄 수 있어?
script1_g_0046-6359-01-01-SYS-F-05-A.wav,오디오북 뒤에 몇 분이나 남았지?
script1_g_0046-6360-01-01-SYS-F-05-A.wav,커튼을 조금만 열어 줄 수 있어?
script1_g_0046-6361-01-01-SYS-F-05-A.wav,주요 뉴스 전부 보여 줘.
script1_g_0046-6362-01-01-SYS-F-05-A.wav,바다 보면서 가고 싶은데 해안 도로 경로 추천해 줘.
script1_g_0046-6363-01-01-SYS-F-05-A.wav,혹시 내가 즐겨찾기에 뭐 해놨지?
script1_g_0046-6364-01-01-SYS-F-05-A.wav,해동할 수 있게 토스터 작동시켜 줘.
script1_g_0046-6365-01-01-SYS-F-05-A.wav,현재 교통 상황 특이사항 보고해 줘.
script1_g_0046-6366-01-01-SYS-F-05-A.wav,오디오북 얼마나 남았을까?
script1_g_0046-6367-01-01-SYS-F-05-A.wav,오디오북 속도 느리게 가자.
script1_g_0046-6368-01-01-SYS-F-05-A.wav,정시에 공기청정기 작동해 줘.
script1_g_0046-6369-01-01-SYS-F-05-A.wav,취침 모드 작동 시키고 재생해.
script1_g_0046-6370-01-01-SYS-F-05-A.wav,금융소식 지금 보여 줄래?
script1_g_0046-6371-01-01-SYS-F-05-A.wav,오늘 하루 날씨 설명.
script1_g_0046-6372-01-01-SYS-F-05-A.wav,티비 파워 온 해 줘.
script1_g_0046-6373-01-01-SYS-F-05-A.wav,지금 날씨 어떠니?
script1_g_0046-6374-01-01-SYS-F-05-A.wav,엠엘비 경기 일정 어떻게 돼?
script1_g_0046-6375-01-01-SYS-F-05-A.wav,사고 지점에 대한 정보 브리핑해 줘.
script1_g_0046-6376-01-01-SYS-F-05-A.wav,공기청정기 전원 내려.
script1_g_0046-6377-01-01-SYS-F-05-A.wav,절전해서 에너지 아껴 줘.
script1_g_0046-6378-01-01-SYS-F-05-A.wav,내일 혹시 눈 내리는 데 있는지 봐 줘.
script1_g_0046-6379-01-01-SYS-F-05-A.wav,침이니까 블라인드 좀만 걷어 줘.
script1_g_0046-6380-01-01-SYS-F-05-A.wav,아직도 차가 많이 막혀?
script1_g_0046-6381-01-01-SYS-F-05-A.wav,정원 소등.
script1_g_0046-6382-01-01-SYS-F-05-A.wav,얼마 후에 경기 시작이야?
script1_g_0046-6383-01-01-SYS-F-05-A.wav,내일 미세먼지 농도 몇인지 알려 줘.
script1_g_0046-6384-01-01-SYS-F-05-A.wav,재생 중단시켜.
script1_g_0046-6385-01-01-SYS-F-05-A.wav,사고난곳 체크해볼래?
script1_g_0046-6386-01-01-SYS-F-05-A.wav,밤새도록 에너지 절약 모드 유지해 줘.
script1_g_0046-6387-01-01-SYS-F-05-A.wav,지금 텔레비전 좀 켜 줘.
script1_g_0046-6388-01-01-SYS-F-05-A.wav,내일 몇 시부터 비 오는지 확인해 줘.
script1_g_0046-6389-01-01-SYS-F-05-A.wav,이번 주 하이라이트 뉴스 보자.
script1_g_0046-6390-01-01-SYS-F-05-A.wav,라떼 스팀 작동.
script1_g_0046-6391-01-01-SYS-F-05-A.wav,오디오북 속도 최대한 느리게!
script1_g_0046-6392-01-01-SYS-F-05-A.wav,지금 토스터기 예열해 줘.
script1_g_0046-6393-01-01-SYS-F-05-A.wav,저 외출할 때 집에 있는 불 다 꺼주시면 돼요.
script1_g_0046-6394-01-01-SYS-F-05-A.wav,지금 교통 원활한지 알려 줘.
script1_g_0046-6395-01-01-SYS-F-05-A.wav,지금 교통 상황은 좀 나아졌어?
script1_g_0046-6396-01-01-SYS-F-05-A.wav,잠이 온다 커피 머신을 켜라.
script1_g_0046-6397-01-01-SYS-F-05-A.wav,월요일에 날씨 어때요.
script1_g_0046-6398-01-01-SYS-F-05-A.wav,저번 주에 비해 이번 주 날씨는?
script1_g_0046-6399-01-01-SYS-F-05-A.wav,내일 날씨에 대해 알아 봐 줘.
script1_g_0046-6400-01-01-SYS-F-05-A.wav,삼성 증권 관련 기사 최신순으로 나열해 줘.
script1_g_0046-6401-01-01-SYS-F-05-A.wav,개막식 날짜 가르쳐 줘.
script1_g_0046-6402-01-01-SYS-F-05-A.wav,차 안 막히는 이동경로 추천해 줘.
script1_g_0046-6403-01-01-SYS-F-05-A.wav,현재 교통 상황 정보 보고 요망
script1_g_0046-6404-01-01-SYS-F-05-A.wav,집에 오는 시간에 설정한 온도로 틀어 주세요.
script1_g_0046-6405-01-01-SYS-F-05-A.wav,지금 환전하면 환율이 어떻게 되지?
script1_g_0046-6406-01-01-SYS-F-05-A.wav,퇴근 시간 딱 맞게 보일러 맞춰 놔.
script1_g_0046-6407-01-01-SYS-F-05-A.wav,작업구간 알려 줘
script1_g_0046-6408-01-01-SYS-F-05-A.wav,큰 사고는 아니겠지?
script1_g_0046-6410-01-01-SYS-F-05-A.wav,지금 주가 상황이 어떤지 봐 줄래?
script1_g_0046-6411-01-01-SYS-F-05-A.wav,잠이 들 것 같은데 취침등 소등 부탁해.
script1_g_0046-6412-01-01-SYS-F-05-A.wav,취침등 불 아예 없애 줘.
script1_g_0046-6413-01-01-SYS-F-05-A.wav,일괄 소등해 줘.
script1_g_0046-6414-01-01-SYS-F-05-A.wav,블라인드 최대한으로 열어 줘.
script1_g_0046-6415-01-01-SYS-F-05-A.wav,더 치러야 하는 경기가 몇 개야?
script1_g_0046-6416-01-01-SYS-F-05-A.wav,지금 날씨 현황 얘기해 줘.
script1_g_0046-6417-01-01-SYS-F-05-A.wav,사고 크게 난건지 확인해 줘.
script1_g_0046-6418-01-01-SYS-F-05-A.wav,정확한 사고 확인 부탁해.
script1_g_0046-6419-01-01-SYS-F-05-A.wav,즐겨찾기에 이 노래를 등록해 줄래?
script1_g_0046-6420-01-01-SYS-F-05-A.wav,앞으로 열릴 경기 일정 알려 줘.
script1_g_0046-6421-01-01-SYS-F-05-A.wav,나 기상하면 블라인드 올려 놔.
script1_g_0046-6422-01-01-SYS-F-05-A.wav,새벽에 경기 일정 있나?
script1_g_0046-6423-01-01-SYS-F-05-A.wav,커피 만들어 놔.
script1_g_0046-6424-01-01-SYS-F-05-A.wav,심심한데 오디오북 콘텐츠 검색 좀 해 줘
script1_g_0046-6425-01-01-SYS-F-05-A.wav,좀 있다가 전등 모두 내려 줘.
script1_g_0046-6426-01-01-SYS-F-05-A.wav,사고 확인 처리해 줘.
script1_g_0046-6427-01-01-SYS-F-05-A.wav,오디오북 총 남은 잔여 플레이 시간 알려 줘.
script1_g_0046-6428-01-01-SYS-F-05-A.wav,주방등 작동시 식탁등 자동 점등해 줘.
script1_g_0046-6429-01-01-SYS-F-05-A.wav,플레이 리스트에 현재 플레이 리스트 삭제해 줘.
script1_g_0046-6430-01-01-SYS-F-05-A.wav,티브이 연결해 주세요.
script1_g_0046-6431-01-01-SYS-F-05-A.wav,사고 정보 리포팅 부탁해
script1_g_0046-6432-01-01-SYS-F-05-A.wav,현재 날씨 가르쳐 줘.
script1_g_0046-6433-01-01-SYS-F-05-A.wav,이번 주말에는 날씨가 괜찮을까?
script1_g_0046-6434-01-01-SYS-F-05-A.wav,부엌에 불 비춰 줘.
script1_g_0046-6435-01-01-SYS-F-05-A.wav,나 집 들어갈 때 불 켜 줘.
script1_g_0046-6436-01-01-SYS-F-05-A.wav,귀가 할거니까 보일러 온도 올려 줘.
script1_g_0046-6437-01-01-SYS-F-05-A.wav,금융관련 뉴스에는 뭐가 있어?
script1_g_0046-6438-01-01-SYS-F-05-A.wav,사고구간 확인 도와 줘.
script1_g_0046-6439-01-01-SYS-F-05-A.wav,내부 공기가 너무 탁한데 공기청정기 틀어 주렴.
script1_g_0046-6440-01-01-SYS-F-05-A.wav,우회도로 알려 줘.
script1_g_0046-6441-01-01-SYS-F-05-A.wav,기상캐스터가 이번 주 날씨 어떻대?
script1_g_0046-6442-01-01-SYS-F-05-A.wav,추천 경로 설정해 줘.
script1_g_0046-6443-01-01-SYS-F-05-A.wav,안 쓰는 기기는 에너지 절약 모드로 바꿔 줘.
script1_g_0046-6444-01-01-SYS-F-05-A.wav,목 아파 공기청정기 켜 줘.
script1_g_0046-6445-01-01-SYS-F-05-A.wav,삼성주 최종 결과 상황은?
script1_g_0046-6446-01-01-SYS-F-05-A.wav,달러를 한화로 전환하면 얼마야?
script1_g_0046-6447-01-01-SYS-F-05-A.wav,몸 녹일 수 있게 보일러 온도 올려둬.
script1_g_0046-6448-01-01-SYS-F-05-A.wav,나 자고 싶어서 그런데 불 다 꺼 주면 좋겠어.
script1_g_0046-6449-01-01-SYS-F-05-A.wav,오디오북 취침 모드로 설정해 놓고 자야지
script1_g_0046-6450-01-01-SYS-F-05-A.wav,지금보다 느리게 오디오북 읽어 줘
script1_g_0046-6451-01-01-SYS-F-05-A.wav,빠르게 도착해야 하는데 추천 경로가 있을까?
script1_g_0046-6452-01-01-SYS-F-05-A.wav,주말 날씨 모두 알려 줘.
script1_g_0046-6453-01-01-SYS-F-05-A.wav,칠일동안 날씨가 어떤지 알려 줘
script1_g_0046-6454-01-01-SYS-F-05-A.wav,주말에도 습한지 확인해 줘
script1_g_0046-6455-01-01-SYS-F-05-A.wav,달러 환율 내려갔는지 알려 줄래?
script1_g_0046-6456-01-01-SYS-F-05-A.wav,지금 어딘가에 사고 났어?
script1_g_0046-6457-01-01-SYS-F-05-A.wav,커피 머신으로 연한 커피 내려 줘.
script1_g_0046-6458-01-01-SYS-F-05-A.wav,나 일어났으니 블라인드 최대한 올려 줘.
script1_g_0046-6459-01-01-SYS-F-05-A.wav,지금 공사중인 곳 있어?
script1_g_0046-6460-01-01-SYS-F-05-A.wav,귀가 시간에 맞춰 집안 전등 다 켜.
script1_g_0046-6461-01-01-SYS-F-05-A.wav,이번 시즌 야구 일정 어디 가면 확인할 수 있어?
script1_g_0046-6462-01-01-SYS-F-05-A.wav,귀가 맞춤형 보일러 온도 설정 필요해.
script1_g_0046-6463-01-01-SYS-F-05-A.wav,쇼핑할 때 티비켜.
script1_g_0046-6464-01-01-SYS-F-05-A.wav,지금 여기 앞에 사고 났는지 알아 봐 줘.
script1_g_0046-6465-01-01-SYS-F-05-A.wav,지금 잘 건데 취침등 꺼 줘.
script1_g_0046-6466-01-01-SYS-F-05-A.wav,뉴스 소식 있으면 알려 줄래?
script1_g_0046-6467-01-01-SYS-F-05-A.wav,잠 깨게 커피 센 거 하나만 만들어 줘.
script1_g_0046-6468-01-01-SYS-F-05-A.wav,어둠을 원한다 블라인드를 치도록 하라.
script1_g_0046-6469-01-01-SYS-F-05-A.wav,가장 약한 단계로 토스터 돌려 줘.
script1_g_0046-6470-01-01-SYS-F-05-A.wav,나한테 맞는 음성으로 찾아 봐 줘.
script1_g_0046-6471-01-01-SYS-F-05-A.wav,원엔 재정환율 확인 해 줘.
script1_g_0046-6472-01-01-SYS-F-05-A.wav,자게 불 좀 꺼라.
script1_g_0046-6473-01-01-SYS-F-05-A.wav,사고난거 알아 봐 줘.
script1_g_0046-6474-01-01-SYS-F-05-A.wav,커피 머신아 시작해!
script1_g_0046-6475-01-01-SYS-F-05-A.wav,교통사고 통제정보에 대해 업데이트해 줘.
script1_g_0046-6476-01-01-SYS-F-05-A.wav,블라인드 맥시멈으로 올려 줄래?
script1_g_0046-6477-01-01-SYS-F-05-A.wav,오후 경기 일정 알려 주겠니?
script1_g_0046-6478-01-01-SYS-F-05-A.wav,이 플레이 리스트는 뭔지 말해.
script1_g_0046-6479-01-01-SYS-F-05-A.wav,탕비실에 불 켜 줘.
script1_g_0046-6480-01-01-SYS-F-05-A.wav,어제 주가에 비해 오늘은 어떤지 궁금해.
script1_g_0046-6481-01-01-SYS-F-05-A.wav,서울의 도로 교통 상황.
script1_g_0046-6482-01-01-SYS-F-05-A.wav,오디오북 아이 목소리로 변경해 줘.
script1_g_0046-6483-01-01-SYS-F-05-A.wav,오늘 올라온 금융 뉴스 요약해 줄래?
script1_g_0046-6484-01-01-SYS-F-05-A.wav,취침 등 십분 뒤에 꺼지게 해 줘.
script1_g_0046-6485-01-01-SYS-F-05-A.wav,주말에 눈 오면 좋겠는데 어때?
script1_g_0046-6486-01-01-SYS-F-05-A.wav,교통 상황 확인 부탁해.
script1_g_0046-6487-01-01-SYS-F-05-A.wav,내가 티브이 켜면 커피 머신 작동 시켜 줘.
script1_g_0046-6488-01-01-SYS-F-05-A.wav,드레스룸 조명 좀 켤래?
script1_g_0046-6489-01-01-SYS-F-05-A.wav,현재 교통 상황 문제 없는지 알려 줘.
script1_g_0046-6490-01-01-SYS-F-05-A.wav,야구 경기 일정 공유해 줘.
script1_g_0046-6491-01-01-SYS-F-05-A.wav,절약 모드를 부탁합니다.
script1_g_0046-6492-01-01-SYS-F-05-A.wav,아침 식사 시간 맞춰서 커피 미리 내려 줘
script1_g_0046-6493-01-01-SYS-F-05-A.wav,내일 오늘만큼 더우려나?
script1_g_0046-6494-01-01-SYS-F-05-A.wav,커피 머신 물 용량 확인해 봐.
script1_g_0046-6495-01-01-SYS-F-05-A.wav,곧 커피 준비 해 줘.
script1_g_0046-6496-01-01-SYS-F-05-A.wav,오늘 있는 스포츠 경기 일정 뭐 있는지 말해!
script1_g_0046-6497-01-01-SYS-F-05-A.wav,해 뜨면 블라인드 올라가게 해.
script1_g_0046-6498-01-01-SYS-F-05-A.wav,아이 자니깐 불 꺼.
script1_g_0046-6499-01-01-SYS-F-05-A.wav,무료도로 구간으로 안내해 줘.
script1_g_0046-6500-01-01-SYS-F-05-A.wav,오늘 하루 시간별 날씨 알려 줘.
script1_g_0046-6501-01-01-SYS-F-05-A.wav,일요일 날씨를 봐야겠어.
script1_g_0046-6502-01-01-SYS-F-05-A.wav,지금 재생 되는 거 꺼 봐!
script1_g_0046-6503-01-01-SYS-F-05-A.wav,현재 기상 정보 요약!
script1_g_0046-6504-01-01-SYS-F-05-A.wav,여기로 가는 게 빨라?
script1_g_0046-6505-01-01-SYS-F-05-A.wav,분야별로 주요 뉴스 요약해 줘.
script1_g_0046-6506-01-01-SYS-F-05-A.wav,나 외출시간 동안 공기청정기 작동해.
script1_g_0046-6507-01-01-SYS-F-05-A.wav,오늘 뉴스에서 비중 있게 다뤄진 기사 알려 줄래?
script1_g_0046-6508-01-01-SYS-F-05-A.wav,이번 주말엔 눈이 오려나?
script1_g_0046-6509-01-01-SYS-F-05-A.wav,빵 구우려고 하는데 토스터 켜 줘.
script1_g_0046-6510-01-01-SYS-F-05-A.wav,케이팝 걸그룹 플레이 리스트 있니?
script1_g_0046-6511-01-01-SYS-F-05-A.wav,강등권에 위치한 팀들 남은 경기 일정 알려 줘.
script1_g_0046-6512-01-01-SYS-F-05-A.wav,나 이제 잘 테니까 불 좀 꺼 줄래?
script1_g_0046-6513-01-01-SYS-F-05-A.wav,오늘 최고온도랑 최저 온도 몇 도야?
script1_g_0046-6514-01-01-SYS-F-05-A.wav,지금 오디오북 속도 변경해 줄래?
script1_g_0046-6515-01-01-SYS-F-05-A.wav,그만이라고 할 때까지 블라인드 올려.
script1_g_0046-6516-01-01-SYS-F-05-A.wav,내일 날씨가 어떤지 살펴 봐 줘.
script1_g_0046-6517-01-01-SYS-F-05-A.wav,즐겨찾는 노래 리스트 보여 줘.
script1_g_0046-6518-01-01-SYS-F-05-A.wav,지금 날씨 어떤가요?
script1_g_0046-6519-01-01-SYS-F-05-A.wav,현재 교통 상황 정리 부탁해.
script1_g_0046-6521-01-01-SYS-F-05-A.wav,오늘 환율 얼마로 마감 됐어?
script1_g_0046-6522-01-01-SYS-F-05-A.wav,앞에 구급차 지나가는데 무슨일이야?
script1_g_0046-6523-01-01-SYS-F-05-A.wav,앞 쪽에서 사고 난 거 맞아?
script1_g_0046-6524-01-01-SYS-F-05-A.wav,주가를 확인 할래.
script1_g_0046-6525-01-01-SYS-F-05-A.wav,일주일 치 날씨 다 알고 싶어.
script1_g_0046-6526-01-01-SYS-F-05-A.wav,오늘 가장 검색량이 많았던 뉴스 말해 줘
script1_g_0046-6527-01-01-SYS-F-05-A.wav,내일 날씨 상태에 대해 말해 줘.
script1_g_0046-6528-01-01-SYS-F-05-A.wav,배당금 천원 넘는 종목 뭐야?
script1_g_0046-6529-01-01-SYS-F-05-A.wav,내일 비 그칠지 알려 줘.
script1_g_0046-6530-01-01-SYS-F-05-A.wav,주말 날씨 맑아 아니면 흐려?
script1_g_0046-6531-01-01-SYS-F-05-A.wav,다락방 불 좀 켜 줄래?
script1_g_0046-6532-01-01-SYS-F-05-A.wav,정체구간 제외경로 알려 줘
script1_g_0046-6533-01-01-SYS-F-05-A.wav,플레이 리스트 뭐 있니?
script1_g_0046-6534-01-01-SYS-F-05-A.wav,오디오북 몇 분 남았을까요?
script1_g_0046-6535-01-01-SYS-F-05-A.wav,최대한 직진 코스로 부탁해.
script1_g_0046-6536-01-01-SYS-F-05-A.wav,즐겨찾기에 저장시켜 놔.
script1_g_0046-6537-01-01-SYS-F-05-A.wav,이번 주 비 와서 며칠로 연기됐는지 알려 줘.
script1_g_0046-6538-01-01-SYS-F-05-A.wav,이번 시즌 개막 언제 해?
script1_g_0046-6539-01-01-SYS-F-05-A.wav,사고나서 막히는 곳 있으면 말해 줘.
script1_g_0046-6540-01-01-SYS-F-05-A.wav,읽는 속도가 너무 빨라.
script1_g_0046-6541-01-01-SYS-F-05-A.wav,외출할 때 티브이 꺼둬.
script1_g_0046-6542-01-01-SYS-F-05-A.wav,귀가 십분 전 온도를 올려.
script1_g_0046-6543-01-01-SYS-F-05-A.wav,켜져있는 텔레비전 좀 꺼 봐.
script1_g_0046-6544-01-01-SYS-F-05-A.wav,금융 관련 보도자료 보고 싶은데 부탁해.
script1_g_0046-6545-01-01-SYS-F-05-A.wav,주말 날씨 이게 맞냐?
script1_g_0046-6546-01-01-SYS-F-05-A.wav,식빵 구워서 줘.
script1_g_0046-6547-01-01-SYS-F-05-A.wav,블라인드 펼쳐 줘.
script1_g_0046-6548-01-01-SYS-F-05-A.wav,저번달에 자주듣던 즐겨찾기 목록 보여 줘.
script1_g_0046-6549-01-01-SYS-F-05-A.wav,지금 나오는 오디오북 스피드 바꿔 줘.
script1_g_0046-6550-01-01-SYS-F-05-A.wav,경로 빠른 코스로 안내해 줘.
script1_g_0046-6551-01-01-SYS-F-05-A.wav,커피 머신 동작 실행 해.
script1_g_0046-6552-01-01-SYS-F-05-A.wav,지금 흘러나오는 곡 즐겨찾기 해 줘.
script1_g_0046-6553-01-01-SYS-F-05-A.wav,여행가려는데 환율 좀 알려 줘.
script1_g_0046-6554-01-01-SYS-F-05-A.wav,사고 난 이유 알려 줘.
script1_g_0046-6555-01-01-SYS-F-05-A.wav,이 오디오북을 내가 얼마나 더 들어야 하니?
script1_g_0046-6556-01-01-SYS-F-05-A.wav,재생 종료 부탁할게.
script1_g_0046-6557-01-01-SYS-F-05-A.wav,도로 요금이 적게 드는 길로 안내해.
script1_g_0046-6558-01-01-SYS-F-05-A.wav,이 플레이 리스트에 대해 알고 싶어요.
script1_g_0046-6559-01-01-SYS-F-05-A.wav,알뜰하게 에너지 절약 모드를 실행할래.
script1_g_0046-6560-01-01-SYS-F-05-A.wav,내일 집 도착시 내 방 점등 해 줘.
script1_g_0046-6561-01-01-SYS-F-05-A.wav,음악 듣기 싫어 꺼 줘.
script1_g_0046-6562-01-01-SYS-F-05-A.wav,오디오북 콘텐츠 검색 기능 활성화시켜 줘.
script1_g_0046-6563-01-01-SYS-F-05-A.wav,오디오북 목소리 좀 변경 부탁할게
script1_g_0046-6564-01-01-SYS-F-05-A.wav,테라스에 켜진 불 꺼 주세요.
script1_g_0046-6565-01-01-SYS-F-05-A.wav,탁상 취침등 꺼 줘.
script1_g_0046-6566-01-01-SYS-F-05-A.wav,이번 달 배구 경기 일정 말해 줘.
script1_g_0046-6567-01-01-SYS-F-05-A.wav,눈이 너무 시려서 그런데 소등해 줘.
script1_g_0046-6568-01-01-SYS-F-05-A.wav,오늘 비올 확률 알려 줘.
script1_g_0046-6569-01-01-SYS-F-05-A.wav,환율이 어떻게 바뀌었어?
script1_g_0046-6570-01-01-SYS-F-05-A.wav,조회수 가장 높은 주요 뉴스 요약해 줘.
script1_g_0046-6571-01-01-SYS-F-05-A.wav,다른 나라와 환율 비교해.
script1_g_0046-6572-01-01-SYS-F-05-A.wav,일주일 동안 비 얼마나 올 것 같아?
script1_g_0046-6573-01-01-SYS-F-05-A.wav,오늘 예보에서 오후 몇 시부터 비 온다고 했어?
script1_g_0046-6574-01-01-SYS-F-05-A.wav,외국인이 우리나라에서 가장 많이 산 주식이 궁금해.
script1_g_0046-6575-01-01-SYS-F-05-A.wav,토스터 이제 그만 멈춰.
script1_g_0046-6577-01-01-SYS-F-05-A.wav,에너지 관리 상태를 절약으로 변경해.
script1_g_0046-6578-01-01-SYS-F-05-A.wav,내일 여행 가고 싶은데 내일 날씨는 어때?
script1_g_0046-6579-01-01-SYS-F-05-A.wav,어디에서 사고가 난 거야?
script1_g_0046-6580-01-01-SYS-F-05-A.wav,공사하는 곳 피해서 경로 추천 해 줘
script1_g_0046-6581-01-01-SYS-F-05-A.wav,지금 재생되고 있는 거 당장 꺼 줘.
script1_g_0046-6582-01-01-SYS-F-05-A.wav,오늘 헤드라인만 요약해 줄래?
script1_g_0046-6583-01-01-SYS-F-05-A.wav,검색어 일위인 주요 뉴스 알려 줘.
script1_g_0046-6584-01-01-SYS-F-05-A.wav,이번 주에 바람이 세게 부는 날 있으면 알려 줄래?
script1_g_0046-6585-01-01-SYS-F-05-A.wav,다음 주 월요일 날씨 말해 줘.
script1_g_0046-6586-01-01-SYS-F-05-A.wav,태풍 내일 오기로 예상 돼 있지?
script1_g_0046-6588-01-01-SYS-F-05-A.wav,오디오북 목소리 남자로 변경해 줘.
script1_g_0046-6589-01-01-SYS-F-05-A.wav,커피 머신 원두 곱게 갈아서 추출하라 그래!
script1_g_0046-6590-01-01-SYS-F-05-A.wav,밖에 날씨 어떤지 체크 부탁해.
script1_g_0046-6591-01-01-SYS-F-05-A.wav,잠들면 침실 전체 소등해 줘.
script1_g_0046-6594-01-01-SYS-F-05-A.wav,잠들기 전에 듣기좋은 오디오북 찾아 줘.
script1_g_0046-6595-01-01-SYS-F-05-A.wav,햇빛 보이게 블라인드 올려.
script1_g_0046-6596-01-01-SYS-F-05-A.wav,회사에 공기청정기 좀 시동 시켜.
script1_g_0046-6597-01-01-SYS-F-05-A.wav,날씨 어떤지 봐줄 수 있어?
script1_g_0046-6598-01-01-SYS-F-05-A.wav,집 비우는 동안 절전 모드로 두자.
script1_g_0046-6599-01-01-SYS-F-05-A.wav,오디오북 속도 조금 느리게 해 줘.
script1_g_0046-6600-01-01-SYS-F-05-A.wav,최대한 빨리 도착할 수 있는 경로 탐색해 줄래?
script1_g_0046-6601-01-01-SYS-F-05-A.wav,사람 없어지면 소등 해.
script1_g_0046-6602-01-01-SYS-F-05-A.wav,오디오북 지금보다 빠르게 읽고 싶어
script1_g_0046-6603-01-01-SYS-F-05-A.wav,야구 경기 일정 까먹었어.
script1_g_0046-6604-01-01-SYS-F-05-A.wav,켜져 있는 불 있으면 다 꺼 줘.
script1_g_0046-6605-01-01-SYS-F-05-A.wav,삼성 주가가 올랐어?
script1_g_0046-6606-01-01-SYS-F-05-A.wav,귀가 시 자동 점등.
script1_g_0046-6607-01-01-SYS-F-05-A.wav,제일 안 막히는 길 추천해 줘.
script1_g_0046-6608-01-01-SYS-F-05-A.wav,리빙룸 점등 좀 부탁해.
script1_g_0046-6609-01-01-SYS-F-05-A.wav,저 사고 언제 수습되는지 확인해 줘.
script1_g_0046-6611-01-01-SYS-F-05-A.wav,이번 주 중에 우산 들고 가야 하는 날 언제야?
script1_g_0046-6612-01-01-SYS-F-05-A.wav,내일 우산 챙겨야해?
script1_g_0046-6613-01-01-SYS-F-05-A.wav,오디오북 속도 늘려 줘.
script1_g_0046-6614-01-01-SYS-F-05-A.wav,외출 시 보일러 설정.
script1_g_0046-6615-01-01-SYS-F-05-A.wav,한 시간 뒤에 블라인드 쳐 줘.
script1_g_0046-6616-01-01-SYS-F-05-A.wav,실내 소등이 필요하니 전등을 꺼야할 것 같아.
script1_g_0046-6617-01-01-SYS-F-05-A.wav,내일 제일 추운 시간 알려 줘.
script1_g_0046-6618-01-01-SYS-F-05-A.wav,일주일 간 날씨 검색해 줘.
script1_g_0046-6620-01-01-SYS-F-05-A.wav,나스닥 주가 상황 분석해 줘.
script1_g_0046-6621-01-01-SYS-F-05-A.wav,오디오북 속도를 기본으로 할래.
script1_g_0046-6622-01-01-SYS-F-05-A.wav,최적의 경로 부탁해.
script1_g_0046-6623-01-01-SYS-F-05-A.wav,오늘 주식 시장 현황 알려 줘.
script1_g_0046-6624-01-01-SYS-F-05-A.wav,오디오북 콘텐츠 찾는 법 알려 줘.
script1_g_0046-6625-01-01-SYS-F-05-A.wav,혼잡하지 않은 길 알려 줘.
script1_g_0046-6627-01-01-SYS-F-05-A.wav,동영상 즐겨찾기 뭐가 있는지 찾아.
script1_g_0046-6628-01-01-SYS-F-05-A.wav,오늘 경기 일정 말해 줘.
script1_g_0046-6629-01-01-SYS-F-05-A.wav,거래량 제일 급등한 종목 뭔지 확인해 줘.
script1_g_0046-6630-01-01-SYS-F-05-A.wav,환율 얼마나 오른건지 궁금해.
script1_g_0046-6632-01-01-SYS-F-05-A.wav,주말에 반팔 입어도 되는 날씨인지 궁금해.
script1_g_0046-6633-01-01-SYS-F-05-A.wav,이번 주 날씨 예보 봐 줘.
script1_g_0046-6634-01-01-SYS-F-05-A.wav,어디로 가면 좋을까?
script1_g_0046-6635-01-01-SYS-F-05-A.wav,출퇴근 경로 교통 상황 어때?
script1_g_0046-6636-01-01-SYS-F-05-A.wav,토스터로 빵 굽기 시작해 줘.
script1_g_0046-6637-01-01-SYS-F-05-A.wav,이 순간부터 에너지 절약 모드만!
script1_g_0046-6638-01-01-SYS-F-05-A.wav,재생 되는 거 정지 시켜 줘.
script1_g_0046-6639-01-01-SYS-F-05-A.wav,이번 주 태풍 상륙하는 날이 언제야?
script1_g_0046-6640-01-01-SYS-F-05-A.wav,현재 적정 주가를 계산해서 알려 줘.
script1_g_0046-6641-01-01-SYS-F-05-A.wav,오늘 인기있는 경기 일정 말해 줘.
script1_g_0046-6642-01-01-SYS-F-05-A.wav,이 플레이 리스트에 대해 알 수 있을까?
script1_g_0046-6643-01-01-SYS-F-05-A.wav,사고 때문에 언제까지 막히는지 알려 줘.
script1_g_0046-6644-01-01-SYS-F-05-A.wav,밖에 비 오니까 블라인드 아예 걷어.
script1_g_0046-6645-01-01-SYS-F-05-A.wav,좀만 듣다가 잘래.
script1_g_0046-6646-01-01-SYS-F-05-A.wav,틀어놓은 속도 바꿀래.
script1_g_0046-6647-01-01-SYS-F-05-A.wav,오디오북 목소리 변경이 필요해.
script1_g_0046-6648-01-01-SYS-F-05-A.wav,이피엘 경기 일정 나왔으면 알려 줘.
script1_g_0046-6650-01-01-SYS-F-05-A.wav,오디오북 속도가 너무 느린 것 같아.
script1_g_0046-6651-01-01-SYS-F-05-A.wav,지금 이 길 보다 더 빠른 길 있으면 알려 줘.
script1_g_0046-6652-01-01-SYS-F-05-A.wav,주요 금융 뉴스 알고 싶다.
script1_g_0046-6653-01-01-SYS-F-05-A.wav,토스터 제일 뜨거운 온도로 켜 줘.
script1_g_0046-6654-01-01-SYS-F-05-A.wav,오늘 새벽 몇 시에 경기가 있어?
script1_g_0046-6655-01-01-SYS-F-05-A.wav,전기세 아끼게 에너지 절약 모드로 바꿔 볼까?
script1_g_0046-6656-01-01-SYS-F-05-A.wav,공기청정기 틀래.
script1_g_0046-6657-01-01-SYS-F-05-A.wav,오디오북에는 어떤 종류의 콘텐츠가 가능할까?
script1_g_0046-6658-01-01-SYS-F-05-A.wav,에너지 절약 모드로 모든 기기 저전력으로 활성화해 줘.
script1_g_0046-6659-01-01-SYS-F-05-A.wav,오늘의 종합 주가 지수 몇이야?
script1_g_0046-6660-01-01-SYS-F-05-A.wav,오늘 주요한 뉴스들 좀 요약해 줘.
script1_g_0046-6661-01-01-SYS-F-05-A.wav,내일 오존 주의보 떴어?
script1_g_0046-6662-01-01-SYS-F-05-A.wav,주식 시황 알려 줘.
script1_g_0046-6663-01-01-SYS-F-05-A.wav,내 위치랑 가장 가까운 지역 사고 발생했나 알아 봐 줘.
script1_g_0046-6664-01-01-SYS-F-05-A.wav,오늘 농구 시합 일정 있으면 알려 줘.
script1_g_0046-6665-01-01-SYS-F-05-A.wav,신호가 적은 길로 알려 줘.
script1_g_0046-6666-01-01-SYS-F-05-A.wav,현재 교통 상황 정보 필요해.
script1_g_0046-6667-01-01-SYS-F-05-A.wav,지금 이 노래 즐겨찾기로 표시해 주라
script1_g_0046-6668-01-01-SYS-F-05-A.wav,퇴근시간에도 안 막히는 길로 안내 부탁해
script1_g_0046-6670-01-01-SYS-F-05-A.wav,오디오북 목소리 뭐 있어?
script1_g_0046-6671-01-01-SYS-F-05-A.wav,내일 날씨에 대해 추측해 줘.
script1_g_0046-6672-01-01-SYS-F-05-A.wav,장마 기간 언제까지야?
script1_g_0046-6673-01-01-SYS-F-05-A.wav,내일 먹구름 끼니?
script1_g_0046-6674-01-01-SYS-F-05-A.wav,다른 목소리도 있어?
script1_g_0046-6675-01-01-SYS-F-05-A.wav,내일 외출하기 좋은 날씨야?
script1_g_0046-6676-01-01-SYS-F-05-A.wav,오늘 새벽에 많이 추울지 최저 기온 알아봐 주세요.
script1_g_0046-6677-01-01-SYS-F-05-A.wav,한국시리즈 일자는 언제인지 알려 줘.
script1_g_0046-6678-01-01-SYS-F-05-A.wav,집까지 가는 제일 빠른 길 안내 해.
script1_g_0046-6679-01-01-SYS-F-05-A.wav,커피 머신 따뜻한 커피 내려.
script1_g_0046-6680-01-01-SYS-F-05-A.wav,텔레비전 지금 바로 켜 줘.
script1_g_0046-6681-01-01-SYS-F-05-A.wav,나 오디오북 속도 조절할래.
script1_g_0046-6682-01-01-SYS-F-05-A.wav,현재 막히는 구간이 어디인지 봐 줘.
script1_g_0046-6683-01-01-SYS-F-05-A.wav,커피 머신에서 에스프레소 선택해 줘!
script1_g_0046-6684-01-01-SYS-F-05-A.wav,기상시 블라인드 내려 줘.
script1_g_0046-6685-01-01-SYS-F-05-A.wav,안방 불 켜져 있으면 소등해 줬으면 해요.
script1_g_0046-6686-01-01-SYS-F-05-A.wav,지금 나오는 플레이 리스트 뭐니?
script1_g_0046-6687-01-01-SYS-F-05-A.wav,이 방송 끝나면 티브이 꺼 줘.
script1_g_0046-6688-01-01-SYS-F-05-A.wav,여자 목소리 말고 남자 목소리로 바꿔 줘.
script1_g_0046-6689-01-01-SYS-F-05-A.wav,나의 즐겨찾기 목록이 뭐야?
script1_g_0046-6690-01-01-SYS-F-05-A.wav,전등 다 오프로 돌려 줘.
script1_g_0046-6691-01-01-SYS-F-05-A.wav,블라인드 반만 올려 봐.
script1_g_0046-6693-01-01-SYS-F-05-A.wav,귀가할 때 불 켜져 있게 해주라.
script1_g_0046-6694-01-01-SYS-F-05-A.wav,오디오북 꺼.
script1_g_0046-6695-01-01-SYS-F-05-A.wav,지금 교통 상황 안좋아?
script1_g_0046-6697-01-01-SYS-F-05-A.wav,오늘 꼭 봐야하는 뉴스 있어?
script1_g_0046-6698-01-01-SYS-F-05-A.wav,뭐 하는 지 보게 티비 켜 볼래?
script1_g_0046-6699-01-01-SYS-F-05-A.wav,실내에 냄새나는데 공기청정기 틀까?
script1_g_0046-6700-01-01-SYS-F-05-A.wav,공기청정기 이제 꺼.
script1_g_0046-6701-01-01-SYS-F-05-A.wav,오늘 낮에 더워?
script1_g_0046-6702-01-01-SYS-F-05-A.wav,지금 교통 상황이 어떤지 알려 줘.
script1_g_0046-6703-01-01-SYS-F-05-A.wav,공기청정기 틀어서 미세먼지 제거해 줘.
script1_g_0046-6704-01-01-SYS-F-05-A.wav,낭독 목소리 바꾸고 싶어.
script1_g_0046-6705-01-01-SYS-F-05-A.wav,점등하도록 해.
script1_g_0046-6706-01-01-SYS-F-05-A.wav,상한가 상품 알려 줘.
script1_g_0046-6707-01-01-SYS-F-05-A.wav,오디오북 끝나기까지 얼마나 남았어?
script1_g_0046-6708-01-01-SYS-F-05-A.wav,지금 대로보다 상황이 괜찮은 길 알려 줘
script1_g_0046-6709-01-01-SYS-F-05-A.wav,더 밝은 목소리로 듣고 싶어.
script1_g_0046-6710-01-01-SYS-F-05-A.wav,전 지역 강수량 궁금해!
script1_g_0046-6711-01-01-SYS-F-05-A.wav,일주일 동안 강수량이 얼마 예상되니?
script1_g_0046-6712-01-01-SYS-F-05-A.wav,매치 스케줄이 어떻게 돼?
script1_g_0046-6713-01-01-SYS-F-05-A.wav,재생 좀 멈춰줄래?
script1_g_0046-6714-01-01-SYS-F-05-A.wav,절약 모드로 넘어가 줘.
script1_g_0046-6715-01-01-SYS-F-05-A.wav,잠잘 수 있게 취침 등 꺼!
script1_g_0046-6716-01-01-SYS-F-05-A.wav,이번 주에 태풍 올라온다면서?
script1_g_0046-6717-01-01-SYS-F-05-A.wav,즐겨찾기 복구해 줄래?
script1_g_0046-6718-01-01-SYS-F-05-A.wav,오늘 뉴스에서 제일 많이 언급했던 키워드가 뭐야?
script1_g_0046-6719-01-01-SYS-F-05-A.wav,귀가 시간에 맞춰서 불 켜 놔.
script1_g_0046-6720-01-01-SYS-F-05-A.wav,삼성 주가가 떨어졌어?
script1_g_0046-6721-01-01-SYS-F-05-A.wav,어느 길로 가야 제일 빠를까?
script1_g_0046-6722-01-01-SYS-F-05-A.wav,해외 농구 시작 시간 알려 줘
script1_g_0046-6723-01-01-SYS-F-05-A.wav,에너지 덜 쓰게 설정해놓은 모드 틀어 줘.
script1_g_0046-6724-01-01-SYS-F-05-A.wav,이제 에너지 절약 모드로 바꿔
script1_g_0046-6725-01-01-SYS-F-05-A.wav,대문 등 꺼 줘.
script1_g_0046-6727-01-01-SYS-F-05-A.wav,지금 플레이 리스트 제목 좀 알자.
script1_g_0046-6728-01-01-SYS-F-05-A.wav,블라인드로 햇빛 막아 줘.
script1_g_0046-6729-01-01-SYS-F-05-A.wav,언제 경기하는지 알려 줘.
script1_g_0046-6730-01-01-SYS-F-05-A.wav,지금 달러 환율이 오르는 중이야?
script1_g_0046-6731-01-01-SYS-F-05-A.wav,졸음쉼터로 가자
script1_g_0046-6732-01-01-SYS-F-05-A.wav,나라별 환율 시세 알려 줘.
script1_g_0046-6733-01-01-SYS-F-05-A.wav,일기예보에서 내일 몇 시부터 눈 올 거라고 했더라?
script1_g_0046-6734-01-01-SYS-F-05-A.wav,창가 조명 좀 켜 줄래?
script1_g_0046-6735-01-01-SYS-F-05-A.wav,설정에서 속도 조절해 줘.
script1_g_0046-6736-01-01-SYS-F-05-A.wav,오늘 미세먼지 많아 마스크 챙겨야 해?
script1_g_0046-6737-01-01-SYS-F-05-A.wav,오늘 이슈였던 기사 알려 줘.
script1_g_0046-6738-01-01-SYS-F-05-A.wav,씻기 전에 커피 한 잔 마시고 싶어.
script1_g_0046-6739-01-01-SYS-F-05-A.wav,오디오북 남은 시간 요청!
script1_g_0046-6740-01-01-SYS-F-05-A.wav,오디오북 속도 조절 가능하니?
script1_g_0046-6741-01-01-SYS-F-05-A.wav,신규로 상장된 거 뭐 있는지 알려 줘.
script1_g_0046-6742-01-01-SYS-F-05-A.wav,내일 최고 기온이 어떻게 돼?
script1_g_0046-6743-01-01-SYS-F-05-A.wav,경기 시작 전에 알려 줘.
script1_g_0046-6744-01-01-SYS-F-05-A.wav,즐겨듣는 음악으로 설정.
script1_g_0046-6746-01-01-SYS-F-05-A.wav,오늘 날씨 기상청에서 뭐라고 그래?
script1_g_0046-6747-01-01-SYS-F-05-A.wav,집에 사람이 없으면 전등을 꺼 줘.
script1_g_0046-6748-01-01-SYS-F-05-A.wav,근처에 사고 난 곳이 있는지 봐 줘.
script1_g_0046-6750-01-01-SYS-F-05-A.wav,가까운 수리센터로 가는 경로 추천해 줘.
script1_g_0046-6751-01-01-SYS-F-05-A.wav,오늘 하루 종일 날씨 어때?
script1_g_0046-6752-01-01-SYS-F-05-A.wav,지금 택시 타고 가면 많이 막힐까?
script1_g_0046-6753-01-01-SYS-F-05-A.wav,오디오북 남은 시간 표시 부탁해!
script1_g_0046-6754-01-01-SYS-F-05-A.wav,일층 거실 불 켜 줘.
script1_g_0046-6755-01-01-SYS-F-05-A.wav,오디오북 콘텐츠 검색 방법 말해 줘.
script1_g_0046-6756-01-01-SYS-F-05-A.wav,지금 나오는 노래 즐겨찾기 해라.
script1_g_0046-6757-01-01-SYS-F-05-A.wav,귀가했어 불 켜 줘.
script1_g_0046-6758-01-01-SYS-F-05-A.wav,블라인드 살짝 내려 줄래?
script1_g_0046-6759-01-01-SYS-F-05-A.wav,현재 뱅뱅사거리 교통 상황은 어때?
script1_g_0046-6760-01-01-SYS-F-05-A.wav,블라인드 위로 올려!
script1_g_0046-6761-01-01-SYS-F-05-A.wav,증시 휴장일 언제야?
script1_g_0046-6762-01-01-SYS-F-05-A.wav,오늘은 어제에 비해서 얼마나 올랐는지 알려 줘.
script1_g_0046-6763-01-01-SYS-F-05-A.wav,사고처리 까지 시간 얼마나 소요될까?
script1_g_0046-6764-01-01-SYS-F-05-A.wav,내일 체감 온도 확인해 줘.
script1_g_0046-6765-01-01-SYS-F-05-A.wav,경기 일정 요약해 줘.
script1_g_0046-6766-01-01-SYS-F-05-A.wav,방이 지나치게 따뜻한 것 같은데 에너지 절약 모드 좀.
script1_g_0046-6767-01-01-SYS-F-05-A.wav,출근길 빨리 가는 경로 말해 주세요!
script1_g_0046-6768-01-01-SYS-F-05-A.wav,내일 출근할 때 우산 챙겨야 해?
script1_g_0046-6769-01-01-SYS-F-05-A.wav,어제 마감기랑 현재 주가 비교해 줘.
script1_g_0046-6770-01-01-SYS-F-05-A.wav,오디오북 꾸림정보 검색해 줘.
script1_g_0046-6771-01-01-SYS-F-05-A.wav,커피 머신 동작 시켜서 커피 만들어 줄래?
script1_g_0046-6772-01-01-SYS-F-05-A.wav,오늘 비 언제 온대?
script1_g_0046-6773-01-01-SYS-F-05-A.wav,다음 주 수요일도 눈이 올까?
script1_g_0046-6774-01-01-SYS-F-05-A.wav,토스터 가열시간 이분으로 설정해 줘.
script1_g_0046-6775-01-01-SYS-F-05-A.wav,베스 룸 라이트 턴 온 해 줘.
script1_g_0046-6776-01-01-SYS-F-05-A.wav,토스터 오 분만 예열 해 줘.
script1_g_0046-6777-01-01-SYS-F-05-A.wav,오늘 취소된 경기 있어?
script1_g_0046-6778-01-01-SYS-F-05-A.wav,내일은 기상 상황이 어떨지 말해 주라.
script1_g_0046-6779-01-01-SYS-F-05-A.wav,집 귀가시 온도를 올려 줘.
script1_g_0046-6780-01-01-SYS-F-05-A.wav,공기청정기 초록불이면 꺼 줘.
script1_g_0046-6781-01-01-SYS-F-05-A.wav,초보 운전자가 운전하기 쉬운 도로로 알려 줘.
script1_g_0046-6783-01-01-SYS-F-05-A.wav,창고 불 파워 온해.
script1_g_0046-6784-01-01-SYS-F-05-A.wav,오늘자 주요 신문사 헤드라인 알려 줘.
script1_g_0046-6785-01-01-SYS-F-05-A.wav,오디오북 콘텐츠 검색 필요해.
script1_g_0046-6786-01-01-SYS-F-05-A.wav,토스터 좀 켜 놔 줘.
script1_g_0046-6787-01-01-SYS-F-05-A.wav,오디오북 남은 시간 얼마 안 남았지?
script1_g_0046-6788-01-01-SYS-F-05-A.wav,온도가 얼마나 높아 지금?
script1_g_0046-6789-01-01-SYS-F-05-A.wav,엔화의 환율 추이를 요약해서 말해.
script1_g_0046-6790-01-01-SYS-F-05-A.wav,지금 차 안 막히지?
script1_g_0046-6791-01-01-SYS-F-05-A.wav,몇 시부터 교통 상황 혼잡 예상인지 검색해 줘.
script1_g_0046-6792-01-01-SYS-F-05-A.wav,너무 어두워 불 켜 주지 않을래?
script1_g_0046-6793-01-01-SYS-F-05-A.wav,내일 강수량 알려 줘
script1_g_0046-6794-01-01-SYS-F-05-A.wav,교통 통제하고 있는 구간 있는지 확인해 줘.
script1_g_0046-6795-01-01-SYS-F-05-A.wav,현재 주가 체크.
script1_g_0046-6796-01-01-SYS-F-05-A.wav,아이 등교시키고 올 테니까 화장실 불만 꺼놔 줘.
script1_g_0046-6797-01-01-SYS-F-05-A.wav,이 노래들 즐겨찾기에 추가시켜 줘.
script1_g_0046-6798-01-01-SYS-F-05-A.wav,무료로 갈 수 있는 길로 찾아 줘.
script1_g_0046-6799-01-01-SYS-F-05-A.wav,환율 따져 줘.
